STRUCTURE,STRUCTURE_ID,STRUCTURE_NAME,ACTION,REF_AREA,Reference area,FREQ,Frequency of observation,METHODOLOGY,Methodology,MEASURE,Measure,UNIT_MEASURE,Unit of measure,EXPENDITURE,Expenditure,ADJUSTMENT,Adjustment,TRANSFORMATION,Transformation,TIME_PERIOD,Time period,OBS_VALUE,Observation value,OBS_STATUS,Observation status,UNIT_MULT,Unit multiplier,BASE_PER,Base period,DURABILITY,Durability,DECIMALS,Decimals
DATAFLOW,OECD.SDD.TPS:DSD_G20_PRICES@DF_G20_PRICES(1.0),"G20 - Consumer price indices, all items",I,MEX,Mexico,M,Monthly,N,National,CPI,Consumer price index,PA,Percent per annum,_T,Total,N,Neither seasonally adjusted nor calendar adjusted,GY,"Growth rate, over 1 year",2023-12,,4.66089,,A,Normal value,0,Units,,,,,1,One
DATAFLOW,OECD.SDD.TPS:DSD_G20_PRICES@DF_G20_PRICES(1.0),"G20 - Consumer price indices, all items",I,MEX,Mexico,M,Monthly,N,National,CPI,Consumer price index,PA,Percent per annum,_T,Total,N,Neither seasonally adjusted nor calendar adjusted,GY,"Growth rate, over 1 year",2024-01,,4.883929,,A,Normal value,0,Units,,,,,1,One
DATAFLOW,OECD.SDD.TPS:DSD_G20_PRICES@DF_G20_PRICES(1.0),"G20 - Consumer price indices, all items",I,MEX,Mexico,M,Monthly,N,National,CPI,Consumer price index,PA,Percent per annum,_T,Total,N,Neither seasonally adjusted nor calendar adjusted,GY,"Growth rate, over 1 year",2024-02,,4.400762,,A,Normal value,0,Units,,,,,1,One
DATAFLOW,OECD.SDD.TPS:DSD_G20_PRICES@DF_G20_PRICES(1.0),"G20 - Consumer price indices, all items",I,MEX,Mexico,M,Monthly,N,National,CPI,Consumer price index,PA,Percent per annum,_T,Total,N,Neither seasonally adjusted nor calendar adjusted,GY,"Growth rate, over 1 year",2024-03,,4.420939,,A,Normal value,0,Units,,,,,1,One
DATAFLOW,OECD.SDD.TPS:DSD_G20_PRICES@DF_G20_PRICES(1.0),"G20 - Consumer price indices, all items",I,MEX,Mexico,M,Monthly,N,National,CPI,Consumer price index,PA,Percent per annum,_T,Total,N,Neither seasonally adjusted nor calendar adjusted,GY,"Growth rate, over 1 year",2024-04,,4.65321,,A,Normal value,0,Units,,,,,1,One
DATAFLOW,OECD.SDD.TPS:DSD_G20_PRICES@DF_G20_PRICES(1.0),"G20 - Consumer price indices, all items",I,MEX,Mexico,M,Monthly,N,National,CPI,Consumer price index,PA,Percent per annum,_T,Total,N,Neither seasonally adjusted nor calendar adjusted,GY,"Growth rate, over 1 year",2024-05,,4.686768,,A,Normal value,0,Units,,,,,1,One
DATAFLOW,OECD.SDD.TPS:DSD_G20_PRICES@DF_G20_PRICES(1.0),"G20 - Consumer price indices, all items",I,MEX,Mexico,M,Monthly,N,National,CPI,Consumer price index,PA,Percent per annum,_T,Total,N,Neither seasonally adjusted nor calendar adjusted,GY,"Growth rate, over 1 year",2024-06,,4.976056,,A,Normal value,0,Units,,,,,1,One
DATAFLOW,OECD.SDD.TPS:DSD_G20_PRICES@DF_G20_PRICES(1.0),"G20 - Consumer price indices, all items",I,MEX,Mexico,M,Monthly,N,National,CPI,Consumer price index,PA,Percent per annum,_T,Total,N,Neither seasonally adjusted nor calendar adjusted,GY,"Growth rate, over 1 year",2024-07,,5.566164,,A,Normal value,0,Units,,,,,1,One
DATAFLOW,OECD.SDD.TPS:DSD_G20_PRICES@DF_G20_PRICES(1.0),"G20 - Consumer price indices, all items",I,SAU,Saudi Arabia,M,Monthly,N,National,CPI,Consumer price index,PA,Percent per annum,_T,Total,N,Neither seasonally adjusted nor calendar adjusted,GY,"Growth rate, over 1 year",2023-12,,1.492675,,A,Normal value,0,Units,,,,,1,One
DATAFLOW,OECD.SDD.TPS:DSD_G20_PRICES@DF_G20_PRICES(1.0),"G20 - Consumer price indices, all items",I,SAU,Saudi Arabia,M,Monthly,N,National,CPI,Consumer price index,PA,Percent per annum,_T,Total,N,Neither seasonally adjusted nor calendar adjusted,GY,"Growth rate, over 1 year",2024-01,,1.554023,,A,Normal value,0,Units,,,,,1,One
DATAFLOW,OECD.SDD.TPS:DSD_G20_PRICES@DF_G20_PRICES(1.0),"G20 - Consumer price indices, all items",I,SAU,Saudi Arabia,M,Monthly,N,National,CPI,Consumer price index,PA,Percent per annum,_T,Total,N,Neither seasonally adjusted nor calendar adjusted,GY,"Growth rate, over 1 year",2024-02,,1.812828,,A,Normal value,0,Units,,,,,1,One
DATAFLOW,OECD.SDD.TPS:DSD_G20_PRICES@DF_G20_PRICES(1.0),"G20 - Consumer price indices, all items",I,SAU,Saudi Arabia,M,Monthly,N,National,CPI,Consumer price index,PA,Percent per annum,_T,Total,N,Neither seasonally adjusted nor calendar adjusted,GY,"Growth rate, over 1 year",2024-03,,1.646128,,A,Normal value,0,Units,,,,,1,One
DATAFLOW,OECD.SDD.TPS:DSD_G20_PRICES@DF_G20_PRICES(1.0),"G20 - Consumer price indices, all items",I,SAU,Saudi Arabia,M,Monthly,N,National,CPI,Consumer price index,PA,Percent per annum,_T,Total,N,Neither seasonally adjusted nor calendar adjusted,GY,"Growth rate, over 1 year",2024-04,,1.58483,,A,Normal value,0,Units,,,,,1,One
DATAFLOW,OECD.SDD.TPS:DSD_G20_PRICES@DF_G20_PRICES(1.0),"G20 - Consumer price indices, all items",I,SAU,Saudi Arabia,M,Monthly,N,National,CPI,Consumer price index,PA,Percent per annum,_T,Total,N,Neither seasonally adjusted nor calendar adjusted,GY,"Growth rate, over 1 year",2024-05,,1.554357,,A,Normal value,0,Units,,,,,1,One
DATAFLOW,OECD.SDD.TPS:DSD_G20_PRICES@DF_G20_PRICES(1.0),"G20 - Consumer price indices, all items",I,SAU,Saudi Arabia,M,Monthly,N,National,CPI,Consumer price index,PA,Percent per annum,_T,Total,N,Neither seasonally adjusted nor calendar adjusted,GY,"Growth rate, over 1 year",2024-06,,1.496624,,A,Normal value,0,Units,,,,,1,One
DATAFLOW,OECD.SDD.TPS:DSD_G20_PRICES@DF_G20_PRICES(1.0),"G20 - Consumer price indices, all items",I,SAU,Saudi Arabia,M,Monthly,N,National,CPI,Consumer price index,PA,Percent per annum,_T,Total,N,Neither seasonally adjusted nor calendar adjusted,GY,"Growth rate, over 1 year",2024-07,,1.531729,,A,Normal value,0,Units,,,,,1,One
DATAFLOW,OECD.SDD.TPS:DSD_G20_PRICES@DF_G20_PRICES(1.0),"G20 - Consumer price indices, all items",I,SAU,Saudi Arabia,M,Monthly,N,National,CPI,Consumer price index,PA,Percent per annum,_T,Total,N,Neither seasonally adjusted nor calendar adjusted,GY,"Growth rate, over 1 year",2024-08,,1.576885,,A,Normal value,0,Units,,,,,1,One
DATAFLOW,OECD.SDD.TPS:DSD_G20_PRICES@DF_G20_PRICES(1.0),"G20 - Consumer price indices, all items",I,SAU,Saudi Arabia,M,Monthly,N,National,CPI,Consumer price index,PA,Percent per annum,_T,Total,N,Neither seasonally adjusted nor calendar adjusted,GY,"Growth rate, over 1 year",2024-09,,1.695224,,A,Normal value,0,Units,,,,,1,One
DATAFLOW,OECD.SDD.TPS:DSD_G20_PRICES@DF_G20_PRICES(1.0),"G20 - Consumer price indices, all items",I,SAU,Saudi Arabia,M,Monthly,N,National,CPI,Consumer price index,PA,Percent per annum,_T,Total,N,Neither seasonally adjusted nor calendar adjusted,GY,"Growth rate, over 1 year",2024-10,,1.884216,,A,Normal value,0,Units,,,,,1,One
DATAFLOW,OECD.SDD.TPS:DSD_G20_PRICES@DF_G20_PRICES(1.0),"G20 - Consumer price indices, all items",I,SAU,Saudi Arabia,M,Monthly,N,National,CPI,Consumer price index,PA,Percent per annum,_T,Total,N,Neither seasonally adjusted nor calendar adjusted,GY,"Growth rate, over 1 year",2024-11,,1.980738,,A,Normal value,0,Units,,,,,1,One
DATAFLOW,OECD.SDD.TPS:DSD_G20_PRICES@DF_G20_PRICES(1.0),"G20 - Consumer price indices, all items",I,IND,India,M,Monthly,N,National,CPI,Consumer price index,PA,Percent per annum,_T,Total,N,Neither seasonally adjusted nor calendar adjusted,GY,"Growth rate, over 1 year",2023-12,,4.913076,,A,Normal value,0,Units,,,,,1,One
DATAFLOW,OECD.SDD.TPS:DSD_G20_PRICES@DF_G20_PRICES(1.0),"G20 - Consumer price indices, all items",I,IND,India,M,Monthly,N,National,CPI,Consumer price index,PA,Percent per annum,_T,Total,N,Neither seasonally adjusted nor calendar adjusted,GY,"Growth rate, over 1 year",2024-01,,4.593373,,A,Normal value,0,Units,,,,,1,One
DATAFLOW,OECD.SDD.TPS:DSD_G20_PRICES@DF_G20_PRICES(1.0),"G20 - Consumer price indices, all items",I,IND,India,M,Monthly,N,National,CPI,Consumer price index,PA,Percent per annum,_T,Total,N,Neither seasonally adjusted nor calendar adjusted,GY,"Growth rate, over 1 year",2024-02,,4.898267,,A,Normal value,0,Units,,,,,1,One
DATAFLOW,OECD.SDD.TPS:DSD_G20_PRICES@DF_G20_PRICES(1.0),"G20 - Consumer price indices, all items",I,IND,India,M,Monthly,N,National,CPI,Consumer price index,PA,Percent per annum,_T,Total,N,Neither seasonally adjusted nor calendar adjusted,GY,"Growth rate, over 1 year",2024-03,,4.20105,,A,Normal value,0,Units,,,,,1,One
DATAFLOW,OECD.SDD.TPS:DSD_G20_PRICES@DF_G20_PRICES(1.0),"G20 - Consumer price indices, all items",I,IND,India,M,Monthly,N,National,CPI,Consumer price index,PA,Percent per annum,_T,Total,N,Neither seasonally adjusted nor calendar adjusted,GY,"Growth rate, over 1 year",2024-04,,3.874814,,A,Normal value,0,Units,,,,,1,One
DATAFLOW,OECD.SDD.TPS:DSD_G20_PRICES@DF_G20_PRICES(1.0),"G20 - Consumer price indices, all items",I,IND,India,M,Monthly,N,National,CPI,Consumer price index,PA,Percent per annum,_T,Total,N,Neither seasonally adjusted nor calendar adjusted,GY,"Growth rate, over 1 year",2024-05,,3.86043,,A,Normal value,0,Units,,,,,1,One
DATAFLOW,OECD.SDD.TPS:DSD_G20_PRICES@DF_G20_PRICES(1.0),"G20 - Consumer price indices, all items",I,IND,India,M,Monthly,N,National,CPI,Consumer price index,PA,Percent per annum,_T,Total,N,Neither seasonally adjusted nor calendar adjusted,GY,"Growth rate, over 1 year",2024-06,,3.665689,,A,Normal value,0,Units,,,,,1,One
DATAFLOW,OECD.SDD.TPS:DSD_G20_PRICES@DF_G20_PRICES(1.0),"G20 - Consumer price indices, all items",I,IND,India,M,Monthly,N,National,CPI,Consumer price index,PA,Percent per annum,_T,Total,N,Neither seasonally adjusted nor calendar adjusted,GY,"Growth rate, over 1 year",2024-07,,2.147459,,A,Normal value,0,Units,,,,,1,One
DATAFLOW,OECD.SDD.TPS:DSD_G20_PRICES@DF_G20_PRICES(1.0),"G20 - Consumer price indices, all items",I,IND,India,M,Monthly,N,National,CPI,Consumer price index,PA,Percent per annum,_T,Total,N,Neither seasonally adjusted nor calendar adjusted,GY,"Growth rate, over 1 year",2024-08,,2.442529,,A,Normal value,0,Units,,,,,1,One
DATAFLOW,OECD.SDD.TPS:DSD_G20_PRICES@DF_G20_PRICES(1.0),"G20 - Consumer price indices, all items",I,IND,India,M,Monthly,N,National,CPI,Consumer price index,PA,Percent per annum,_T,Total,N,Neither seasonally adjusted nor calendar adjusted,GY,"Growth rate, over 1 year",2024-09,,4.218182,,A,Normal value,0,Units,,,,,1,One
DATAFLOW,OECD.SDD.TPS:DSD_G20_PRICES@DF_G20_PRICES(1.0),"G20 - Consumer price indices, all items",I,IND,India,M,Monthly,N,National,CPI,Consumer price index,PA,Percent per annum,_T,Total,N,Neither seasonally adjusted nor calendar adjusted,GY,"Growth rate, over 1 year",2024-10,,4.407515,,A,Normal value,0,Units,,,,,1,One
DATAFLOW,OECD.SDD.TPS:DSD_G20_PRICES@DF_G20_PRICES(1.0),"G20 - Consumer price indices, all items",I,IND,India,M,Monthly,N,National,CPI,Consumer price index,PA,Percent per annum,_T,Total,N,Neither seasonally adjusted nor calendar adjusted,GY,"Growth rate, over 1 year",2024-11,,3.882099,,A,Normal value,0,Units,,,,,1,One
DATAFLOW,OECD.SDD.TPS:DSD_G20_PRICES@DF_G20_PRICES(1.0),"G20 - Consumer price indices, all items",I,CHN,China (People’s Republic of),M,Monthly,N,National,CPI,Consumer price index,PA,Percent per annum,_T,Total,N,Neither seasonally adjusted nor calendar adjusted,GY,"Growth rate, over 1 year",2023-12,,-0.3,,A,Normal value,0,Units,,,,,1,One
DATAFLOW,OECD.SDD.TPS:DSD_G20_PRICES@DF_G20_PRICES(1.0),"G20 - Consumer price indices, all items",I,CHN,China (People’s Republic of),M,Monthly,N,National,CPI,Consumer price index,PA,Percent per annum,_T,Total,N,Neither seasonally adjusted nor calendar adjusted,GY,"Growth rate, over 1 year",2024-01,,-0.8,,A,Normal value,0,Units,,,,,1,One
DATAFLOW,OECD.SDD.TPS:DSD_G20_PRICES@DF_G20_PRICES(1.0),"G20 - Consumer price indices, all items",I,CHN,China (People’s Republic of),M,Monthly,N,National,CPI,Consumer price index,PA,Percent per annum,_T,Total,N,Neither seasonally adjusted nor calendar adjusted,GY,"Growth rate, over 1 year",2024-02,,0.7,,A,Normal value,0,Units,,,,,1,One
DATAFLOW,OECD.SDD.TPS:DSD_G20_PRICES@DF_G20_PRICES(1.0),"G20 - Consumer price indices, all items",I,CHN,China (People’s Republic of),M,Monthly,N,National,CPI,Consumer price index,PA,Percent per annum,_T,Total,N,Neither seasonally adjusted nor calendar adjusted,GY,"Growth rate, over 1 year",2024-03,,0.1,,A,Normal value,0,Units,,,,,1,One
DATAFLOW,OECD.SDD.TPS:DSD_G20_PRICES@DF_G20_PRICES(1.0),"G20 - Consumer price indices, all items",I,CHN,China (People’s Republic of),M,Monthly,N,National,CPI,Consumer price index,PA,Percent per annum,_T,Total,N,Neither seasonally adjusted nor calendar adjusted,GY,"Growth rate, over 1 year",2024-04,,0.3,,A,Normal value,0,Units,,,,,1,One
DATAFLOW,OECD.SDD.TPS:DSD_G20_PRICES@DF_G20_PRICES(1.0),"G20 - Consumer price indices, all items",I,CHN,China (People’s Republic of),M,Monthly,N,National,CPI,Consumer price index,PA,Percent per annum,_T,Total,N,Neither seasonally adjusted nor calendar adjusted,GY,"Growth rate, over 1 year",2024-05,,0.3,,A,Normal value,0,Units,,,,,1,One
DATAFLOW,OECD.SDD.TPS:DSD_G20_PRICES@DF_G20_PRICES(1.0),"G20 - Consumer price indices, all items",I,CHN,China (People’s Republic of),M,Monthly,N,National,CPI,Consumer price index,PA,Percent per annum,_T,Total,N,Neither seasonally adjusted nor calendar adjusted,GY,"Growth rate, over 1 year",2024-06,,0.2,,A,Normal value,0,Units,,,,,1,One
DATAFLOW,OECD.SDD.TPS:DSD_G20_PRICES@DF_G20_PRICES(1.0),"G20 - Consumer price indices, all items",I,CHN,China (People’s Republic of),M,Monthly,N,National,CPI,Consumer price index,PA,Percent per annum,_T,Total,N,Neither seasonally adjusted nor calendar adjusted,GY,"Growth rate, over 1 year",2024-07,,0.5,,A,Normal value,0,Units,,,,,1,One
DATAFLOW,OECD.SDD.TPS:DSD_G20_PRICES@DF_G20_PRICES(1.0),"G20 - Consumer price indices, all items",I,CHN,China (People’s Republic of),M,Monthly,N,National,CPI,Consumer price index,PA,Percent per annum,_T,Total,N,Neither seasonally adjusted nor calendar adjusted,GY,"Growth rate, over 1 year",2024-08,,0.6,,A,Normal value,0,Units,,,,,1,One
DATAFLOW,OECD.SDD.TPS:DSD_G20_PRICES@DF_G20_PRICES(1.0),"G20 - Consumer price indices, all items",I,CHN,China (People’s Republic of),M,Monthly,N,National,CPI,Consumer price index,PA,Percent per annum,_T,Total,N,Neither seasonally adjusted nor calendar adjusted,GY,"Growth rate, over 1 year",2024-09,,0.4,,A,Normal value,0,Units,,,,,1,One
DATAFLOW,OECD.SDD.TPS:DSD_G20_PRICES@DF_G20_PRICES(1.0),"G20 - Consumer price indices, all items",I,CHN,China (People’s Republic of),M,Monthly,N,National,CPI,Consumer price index,PA,Percent per annum,_T,Total,N,Neither seasonally adjusted nor calendar adjusted,GY,"Growth rate, over 1 year",2024-10,,0.3,,A,Normal value,0,Units,,,,,1,One
DATAFLOW,OECD.SDD.TPS:DSD_G20_PRICES@DF_G20_PRICES(1.0),"G20 - Consumer price indices, all items",I,CHN,China (People’s Republic of),M,Monthly,N,National,CPI,Consumer price index,PA,Percent per annum,_T,Total,N,Neither seasonally adjusted nor calendar adjusted,GY,"Growth rate, over 1 year",2024-11,,0.2,,A,Normal value,0,Units,,,,,1,One
DATAFLOW,OECD.SDD.TPS:DSD_G20_PRICES@DF_G20_PRICES(1.0),"G20 - Consumer price indices, all items",I,EA20,Euro area (20 countries),M,Monthly,HICP,Eurostat harmonised index of consumer prices (HICP),CPI,Consumer price index,PA,Percent per annum,_T,Total,N,Neither seasonally adjusted nor calendar adjusted,GY,"Growth rate, over 1 year",2023-12,,2.9,,A,Normal value,0,Units,,,,,1,One
DATAFLOW,OECD.SDD.TPS:DSD_G20_PRICES@DF_G20_PRICES(1.0),"G20 - Consumer price indices, all items",I,EA20,Euro area (20 countries),M,Monthly,HICP,Eurostat harmonised index of consumer prices (HICP),CPI,Consumer price index,PA,Percent per annum,_T,Total,N,Neither seasonally adjusted nor calendar adjusted,GY,"Growth rate, over 1 year",2024-01,,2.8,,A,Normal value,0,Units,,,,,1,One
DATAFLOW,OECD.SDD.TPS:DSD_G20_PRICES@DF_G20_PRICES(1.0),"G20 - Consumer price indices, all items",I,EA20,Euro area (20 countries),M,Monthly,HICP,Eurostat harmonised index of consumer prices (HICP),CPI,Consumer price index,PA,Percent per annum,_T,Total,N,Neither seasonally adjusted nor calendar adjusted,GY,"Growth rate, over 1 year",2024-02,,2.6,,A,Normal value,0,Units,,,,,1,One
DATAFLOW,OECD.SDD.TPS:DSD_G20_PRICES@DF_G20_PRICES(1.0),"G20 - Consumer price indices, all items",I,EA20,Euro area (20 countries),M,Monthly,HICP,Eurostat harmonised index of consumer prices (HICP),CPI,Consumer price index,PA,Percent per annum,_T,Total,N,Neither seasonally adjusted nor calendar adjusted,GY,"Growth rate, over 1 year",2024-03,,2.4,,A,Normal value,0,Units,,,,,1,One
DATAFLOW,OECD.SDD.TPS:DSD_G20_PRICES@DF_G20_PRICES(1.0),"G20 - Consumer price indices, all items",I,EA20,Euro area (20 countries),M,Monthly,HICP,Eurostat harmonised index of consumer prices (HICP),CPI,Consumer price index,PA,Percent per annum,_T,Total,N,Neither seasonally adjusted nor calendar adjusted,GY,"Growth rate, over 1 year",2024-04,,2.4,,A,Normal value,0,Units,,,,,1,One
DATAFLOW,OECD.SDD.TPS:DSD_G20_PRICES@DF_G20_PRICES(1.0),"G20 - Consumer price indices, all items",I,EA20,Euro area (20 countries),M,Monthly,HICP,Eurostat harmonised index of consumer prices (HICP),CPI,Consumer price index,PA,Percent per annum,_T,Total,N,Neither seasonally adjusted nor calendar adjusted,GY,"Growth rate, over 1 year",2024-05,,2.6,,A,Normal value,0,Units,,,,,1,One
DATAFLOW,OECD.SDD.TPS:DSD_G20_PRICES@DF_G20_PRICES(1.0),"G20 - Consumer price indices, all items",I,EA20,Euro area (20 countries),M,Monthly,HICP,Eurostat harmonised index of consumer prices (HICP),CPI,Consumer price index,PA,Percent per annum,_T,Total,N,Neither seasonally adjusted nor calendar adjusted,GY,"Growth rate, over 1 year",2024-06,,2.5,,A,Normal value,0,Units,,,,,1,One
DATAFLOW,OECD.SDD.TPS:DSD_G20_PRICES@DF_G20_PRICES(1.0),"G20 - Consumer price indices, all items",I,EA20,Euro area (20 countries),M,Monthly,HICP,Eurostat harmonised index of consumer prices (HICP),CPI,Consumer price index,PA,Percent per annum,_T,Total,N,Neither seasonally adjusted nor calendar adjusted,GY,"Growth rate, over 1 year",2024-07,,2.6,,A,Normal value,0,Units,,,,,1,One
DATAFLOW,OECD.SDD.TPS:DSD_G20_PRICES@DF_G20_PRICES(1.0),"G20 - Consumer price indices, all items",I,EA20,Euro area (20 countries),M,Monthly,HICP,Eurostat harmonised index of consumer prices (HICP),CPI,Consumer price index,PA,Percent per annum,_T,Total,N,Neither seasonally adjusted nor calendar adjusted,GY,"Growth rate, over 1 year",2024-08,,2.2,,A,Normal value,0,Units,,,,,1,One
DATAFLOW,OECD.SDD.TPS:DSD_G20_PRICES@DF_G20_PRICES(1.0),"G20 - Consumer price indices, all items",I,EA20,Euro area (20 countries),M,Monthly,HICP,Eurostat harmonised index of consumer prices (HICP),CPI,Consumer price index,PA,Percent per annum,_T,Total,N,Neither seasonally adjusted nor calendar adjusted,GY,"Growth rate, over 1 year",2024-09,,1.7,,A,Normal value,0,Units,,,,,1,One
DATAFLOW,OECD.SDD.TPS:DSD_G20_PRICES@DF_G20_PRICES(1.0),"G20 - Consumer price indices, all items",I,EA20,Euro area (20 countries),M,Monthly,HICP,Eurostat harmonised index of consumer prices (HICP),CPI,Consumer price index,PA,Percent per annum,_T,Total,N,Neither seasonally adjusted nor calendar adjusted,GY,"Growth rate, over 1 year",2024-10,,2,,A,Normal value,0,Units,,,,,1,One
DATAFLOW,OECD.SDD.TPS:DSD_G20_PRICES@DF_G20_PRICES(1.0),"G20 - Consumer price indices, all items",I,EA20,Euro area (20 countries),M,Monthly,HICP,Eurostat harmonised index of consumer prices (HICP),CPI,Consumer price index,PA,Percent per annum,_T,Total,N,Neither seasonally adjusted nor calendar adjusted,GY,"Growth rate, over 1 year",2024-11,,2.2,,A,Normal value,0,Units,,,,,1,One
DATAFLOW,OECD.SDD.TPS:DSD_G20_PRICES@DF_G20_PRICES(1.0),"G20 - Consumer price indices, all items",I,ARG,Argentina,M,Monthly,N,National,CPI,Consumer price index,PA,Percent per annum,_T,Total,N,Neither seasonally adjusted nor calendar adjusted,GY,"Growth rate, over 1 year",2023-12,,211.4076,,A,Normal value,0,Units,,,,,1,One
DATAFLOW,OECD.SDD.TPS:DSD_G20_PRICES@DF_G20_PRICES(1.0),"G20 - Consumer price indices, all items",I,ARG,Argentina,M,Monthly,N,National,CPI,Consumer price index,PA,Percent per annum,_T,Total,N,Neither seasonally adjusted nor calendar adjusted,GY,"Growth rate, over 1 year",2024-01,,254.2483,,A,Normal value,0,Units,,,,,1,One
DATAFLOW,OECD.SDD.TPS:DSD_G20_PRICES@DF_G20_PRICES(1.0),"G20 - Consumer price indices, all items",I,ARG,Argentina,M,Monthly,N,National,CPI,Consumer price index,PA,Percent per annum,_T,Total,N,Neither seasonally adjusted nor calendar adjusted,GY,"Growth rate, over 1 year",2024-02,,276.2184,,A,Normal value,0,Units,,,,,1,One
DATAFLOW,OECD.SDD.TPS:DSD_G20_PRICES@DF_G20_PRICES(1.0),"G20 - Consumer price indices, all items",I,ARG,Argentina,M,Monthly,N,National,CPI,Consumer price index,PA,Percent per annum,_T,Total,N,Neither seasonally adjusted nor calendar adjusted,GY,"Growth rate, over 1 year",2024-03,,287.8691,,A,Normal value,0,Units,,,,,1,One
DATAFLOW,OECD.SDD.TPS:DSD_G20_PRICES@DF_G20_PRICES(1.0),"G20 - Consumer price indices, all items",I,ARG,Argentina,M,Monthly,N,National,CPI,Consumer price index,PA,Percent per annum,_T,Total,N,Neither seasonally adjusted nor calendar adjusted,GY,"Growth rate, over 1 year",2024-04,,289.4049,,A,Normal value,0,Units,,,,,1,One
DATAFLOW,OECD.SDD.TPS:DSD_G20_PRICES@DF_G20_PRICES(1.0),"G20 - Consumer price indices, all items",I,ARG,Argentina,M,Monthly,N,National,CPI,Consumer price index,PA,Percent per annum,_T,Total,N,Neither seasonally adjusted nor calendar adjusted,GY,"Growth rate, over 1 year",2024-05,,276.4103,,A,Normal value,0,Units,,,,,1,One
DATAFLOW,OECD.SDD.TPS:DSD_G20_PRICES@DF_G20_PRICES(1.0),"G20 - Consumer price indices, all items",I,ARG,Argentina,M,Monthly,N,National,CPI,Consumer price index,PA,Percent per annum,_T,Total,N,Neither seasonally adjusted nor calendar adjusted,GY,"Growth rate, over 1 year",2024-06,,271.5297,,A,Normal value,0,Units,,,,,1,One
DATAFLOW,OECD.SDD.TPS:DSD_G20_PRICES@DF_G20_PRICES(1.0),"G20 - Consumer price indices, all items",I,ARG,Argentina,M,Monthly,N,National,CPI,Consumer price index,PA,Percent per annum,_T,Total,N,Neither seasonally adjusted nor calendar adjusted,GY,"Growth rate, over 1 year",2024-07,,263.4457,,A,Normal value,0,Units,,,,,1,One
DATAFLOW,OECD.SDD.TPS:DSD_G20_PRICES@DF_G20_PRICES(1.0),"G20 - Consumer price indices, all items",I,ARG,Argentina,M,Monthly,N,National,CPI,Consumer price index,PA,Percent per annum,_T,Total,N,Neither seasonally adjusted nor calendar adjusted,GY,"Growth rate, over 1 year",2024-08,,236.7166,,A,Normal value,0,Units,,,,,1,One
DATAFLOW,OECD.SDD.TPS:DSD_G20_PRICES@DF_G20_PRICES(1.0),"G20 - Consumer price indices, all items",I,ARG,Argentina,M,Monthly,N,National,CPI,Consumer price index,PA,Percent per annum,_T,Total,N,Neither seasonally adjusted nor calendar adjusted,GY,"Growth rate, over 1 year",2024-09,,209.0011,,A,Normal value,0,Units,,,,,1,One
DATAFLOW,OECD.SDD.TPS:DSD_G20_PRICES@DF_G20_PRICES(1.0),"G20 - Consumer price indices, all items",I,ARG,Argentina,M,Monthly,N,National,CPI,Consumer price index,PA,Percent per annum,_T,Total,N,Neither seasonally adjusted nor calendar adjusted,GY,"Growth rate, over 1 year",2024-10,,192.995,,A,Normal value,0,Units,,,,,1,One
DATAFLOW,OECD.SDD.TPS:DSD_G20_PRICES@DF_G20_PRICES(1.0),"G20 - Consumer price indices, all items",I,ARG,Argentina,M,Monthly,N,National,CPI,Consumer price index,PA,Percent per annum,_T,Total,N,Neither seasonally adjusted nor calendar adjusted,GY,"Growth rate, over 1 year",2024-11,,166.025,,A,Normal value,0,Units,,,,,1,One
DATAFLOW,OECD.SDD.TPS:DSD_G20_PRICES@DF_G20_PRICES(1.0),"G20 - Consumer price indices, all items",I,G20,G20,M,Monthly,N,National,CPI,Consumer price index,PA,Percent per annum,_T,Total,N,Neither seasonally adjusted nor calendar adjusted,GY,"Growth rate, over 1 year",2023-12,,6.959855,,A,Normal value,0,Units,,,,,1,One
DATAFLOW,OECD.SDD.TPS:DSD_G20_PRICES@DF_G20_PRICES(1.0),"G20 - Consumer price indices, all items",I,G20,G20,M,Monthly,N,National,CPI,Consumer price index,PA,Percent per annum,_T,Total,N,Neither seasonally adjusted nor calendar adjusted,GY,"Growth rate, over 1 year",2024-01,,6.819023,,A,Normal value,0,Units,,,,,1,One
DATAFLOW,OECD.SDD.TPS:DSD_G20_PRICES@DF_G20_PRICES(1.0),"G20 - Consumer price indices, all items",I,G20,G20,M,Monthly,N,National,CPI,Consumer price index,PA,Percent per annum,_T,Total,N,Neither seasonally adjusted nor calendar adjusted,GY,"Growth rate, over 1 year",2024-02,,7.25871,,A,Normal value,0,Units,,,,,1,One
DATAFLOW,OECD.SDD.TPS:DSD_G20_PRICES@DF_G20_PRICES(1.0),"G20 - Consumer price indices, all items",I,G20,G20,M,Monthly,N,National,CPI,Consumer price index,PA,Percent per annum,_T,Total,N,Neither seasonally adjusted nor calendar adjusted,GY,"Growth rate, over 1 year",2024-03,,7.188821,,A,Normal value,0,Units,,,,,1,One
DATAFLOW,OECD.SDD.TPS:DSD_G20_PRICES@DF_G20_PRICES(1.0),"G20 - Consumer price indices, all items",I,G20,G20,M,Monthly,N,National,CPI,Consumer price index,PA,Percent per annum,_T,Total,N,Neither seasonally adjusted nor calendar adjusted,GY,"Growth rate, over 1 year",2024-04,,7.148775,,A,Normal value,0,Units,,,,,1,One
DATAFLOW,OECD.SDD.TPS:DSD_G20_PRICES@DF_G20_PRICES(1.0),"G20 - Consumer price indices, all items",I,G20,G20,M,Monthly,N,National,CPI,Consumer price index,PA,Percent per annum,_T,Total,N,Neither seasonally adjusted nor calendar adjusted,GY,"Growth rate, over 1 year",2024-05,,7.256579,,A,Normal value,0,Units,,,,,1,One
DATAFLOW,OECD.SDD.TPS:DSD_G20_PRICES@DF_G20_PRICES(1.0),"G20 - Consumer price indices, all items",I,G20,G20,M,Monthly,N,National,CPI,Consumer price index,PA,Percent per annum,_T,Total,N,Neither seasonally adjusted nor calendar adjusted,GY,"Growth rate, over 1 year",2024-06,,7.062689,,A,Normal value,0,Units,,,,,1,One
DATAFLOW,OECD.SDD.TPS:DSD_G20_PRICES@DF_G20_PRICES(1.0),"G20 - Consumer price indices, all items",I,G20,G20,M,Monthly,N,National,CPI,Consumer price index,PA,Percent per annum,_T,Total,N,Neither seasonally adjusted nor calendar adjusted,GY,"Growth rate, over 1 year",2024-07,,6.741123,,A,Normal value,0,Units,,,,,1,One
DATAFLOW,OECD.SDD.TPS:DSD_G20_PRICES@DF_G20_PRICES(1.0),"G20 - Consumer price indices, all items",I,G20,G20,M,Monthly,N,National,CPI,Consumer price index,PA,Percent per annum,_T,Total,N,Neither seasonally adjusted nor calendar adjusted,GY,"Growth rate, over 1 year",2024-08,,6.245243,,A,Normal value,0,Units,,,,,1,One
DATAFLOW,OECD.SDD.TPS:DSD_G20_PRICES@DF_G20_PRICES(1.0),"G20 - Consumer price indices, all items",I,G20,G20,M,Monthly,N,National,CPI,Consumer price index,PA,Percent per annum,_T,Total,N,Neither seasonally adjusted nor calendar adjusted,GY,"Growth rate, over 1 year",2024-09,,6.009902,,A,Normal value,0,Units,,,,,1,One
DATAFLOW,OECD.SDD.TPS:DSD_G20_PRICES@DF_G20_PRICES(1.0),"G20 - Consumer price indices, all items",I,G20,G20,M,Monthly,N,National,CPI,Consumer price index,PA,Percent per annum,_T,Total,N,Neither seasonally adjusted nor calendar adjusted,GY,"Growth rate, over 1 year",2024-10,,5.956424,,A,Normal value,0,Units,,,,,1,One
DATAFLOW,OECD.SDD.TPS:DSD_G20_PRICES@DF_G20_PRICES(1.0),"G20 - Consumer price indices, all items",I,G20,G20,M,Monthly,N,National,CPI,Consumer price index,PA,Percent per annum,_T,Total,N,Neither seasonally adjusted nor calendar adjusted,GY,"Growth rate, over 1 year",2024-11,,5.696033,,A,Normal value,0,Units,,,,,1,One
DATAFLOW,OECD.SDD.TPS:DSD_G20_PRICES@DF_G20_PRICES(1.0),"G20 - Consumer price indices, all items",I,AUS,Australia,M,Monthly,N,National,CPI,Consumer price index,PA,Percent per annum,_T,Total,N,Neither seasonally adjusted nor calendar adjusted,GY,"Growth rate, over 1 year",2024-02,,3.61991,,A,Normal value,0,Units,,,,,1,One
DATAFLOW,OECD.SDD.TPS:DSD_G20_PRICES@DF_G20_PRICES(1.0),"G20 - Consumer price indices, all items",I,AUS,Australia,M,Monthly,N,National,CPI,Consumer price index,PA,Percent per annum,_T,Total,N,Neither seasonally adjusted nor calendar adjusted,GY,"Growth rate, over 1 year",2024-05,,3.81451,,A,Normal value,0,Units,,,,,1,One
DATAFLOW,OECD.SDD.TPS:DSD_G20_PRICES@DF_G20_PRICES(1.0),"G20 - Consumer price indices, all items",I,AUS,Australia,M,Monthly,N,National,CPI,Consumer price index,PA,Percent per annum,_T,Total,N,Neither seasonally adjusted nor calendar adjusted,GY,"Growth rate, over 1 year",2024-08,,2.808573,,A,Normal value,0,Units,,,,,1,One
DATAFLOW,OECD.SDD.TPS:DSD_G20_PRICES@DF_G20_PRICES(1.0),"G20 - Consumer price indices, all items",I,IDN,Indonesia,M,Monthly,N,National,CPI,Consumer price index,PA,Percent per annum,_T,Total,N,Neither seasonally adjusted nor calendar adjusted,GY,"Growth rate, over 1 year",2023-12,,2.614667,,A,Normal value,0,Units,,,,,1,One
DATAFLOW,OECD.SDD.TPS:DSD_G20_PRICES@DF_G20_PRICES(1.0),"G20 - Consumer price indices, all items",I,IDN,Indonesia,M,Monthly,N,National,CPI,Consumer price index,PA,Percent per annum,_T,Total,N,Neither seasonally adjusted nor calendar adjusted,GY,"Growth rate, over 1 year",2024-01,,2.57,,B,Time series break,0,Units,,,,,1,One
DATAFLOW,OECD.SDD.TPS:DSD_G20_PRICES@DF_G20_PRICES(1.0),"G20 - Consumer price indices, all items",I,IDN,Indonesia,M,Monthly,N,National,CPI,Consumer price index,PA,Percent per annum,_T,Total,N,Neither seasonally adjusted nor calendar adjusted,GY,"Growth rate, over 1 year",2024-02,,2.75,,A,Normal value,0,Units,,,,,1,One
DATAFLOW,OECD.SDD.TPS:DSD_G20_PRICES@DF_G20_PRICES(1.0),"G20 - Consumer price indices, all items",I,IDN,Indonesia,M,Monthly,N,National,CPI,Consumer price index,PA,Percent per annum,_T,Total,N,Neither seasonally adjusted nor calendar adjusted,GY,"Growth rate, over 1 year",2024-03,,3.05,,A,Normal value,0,Units,,,,,1,One
DATAFLOW,OECD.SDD.TPS:DSD_G20_PRICES@DF_G20_PRICES(1.0),"G20 - Consumer price indices, all items",I,IDN,Indonesia,M,Monthly,N,National,CPI,Consumer price index,PA,Percent per annum,_T,Total,N,Neither seasonally adjusted nor calendar adjusted,GY,"Growth rate, over 1 year",2024-04,,3,,A,Normal value,0,Units,,,,,1,One
DATAFLOW,OECD.SDD.TPS:DSD_G20_PRICES@DF_G20_PRICES(1.0),"G20 - Consumer price indices, all items",I,IDN,Indonesia,M,Monthly,N,National,CPI,Consumer price index,PA,Percent per annum,_T,Total,N,Neither seasonally adjusted nor calendar adjusted,GY,"Growth rate, over 1 year",2024-05,,2.84,,A,Normal value,0,Units,,,,,1,One
DATAFLOW,OECD.SDD.TPS:DSD_G20_PRICES@DF_G20_PRICES(1.0),"G20 - Consumer price indices, all items",I,IDN,Indonesia,M,Monthly,N,National,CPI,Consumer price index,PA,Percent per annum,_T,Total,N,Neither seasonally adjusted nor calendar adjusted,GY,"Growth rate, over 1 year",2024-06,,2.51,,A,Normal value,0,Units,,,,,1,One
DATAFLOW,OECD.SDD.TPS:DSD_G20_PRICES@DF_G20_PRICES(1.0),"G20 - Consumer price indices, all items",I,IDN,Indonesia,M,Monthly,N,National,CPI,Consumer price index,PA,Percent per annum,_T,Total,N,Neither seasonally adjusted nor calendar adjusted,GY,"Growth rate, over 1 year",2024-07,,2.13,,A,Normal value,0,Units,,,,,1,One
DATAFLOW,OECD.SDD.TPS:DSD_G20_PRICES@DF_G20_PRICES(1.0),"G20 - Consumer price indices, all items",I,IDN,Indonesia,M,Monthly,N,National,CPI,Consumer price index,PA,Percent per annum,_T,Total,N,Neither seasonally adjusted nor calendar adjusted,GY,"Growth rate, over 1 year",2024-08,,2.12,,A,Normal value,0,Units,,,,,1,One
DATAFLOW,OECD.SDD.TPS:DSD_G20_PRICES@DF_G20_PRICES(1.0),"G20 - Consumer price indices, all items",I,IDN,Indonesia,M,Monthly,N,National,CPI,Consumer price index,PA,Percent per annum,_T,Total,N,Neither seasonally adjusted nor calendar adjusted,GY,"Growth rate, over 1 year",2024-09,,1.84,,A,Normal value,0,Units,,,,,1,One
DATAFLOW,OECD.SDD.TPS:DSD_G20_PRICES@DF_G20_PRICES(1.0),"G20 - Consumer price indices, all items",I,IDN,Indonesia,M,Monthly,N,National,CPI,Consumer price index,PA,Percent per annum,_T,Total,N,Neither seasonally adjusted nor calendar adjusted,GY,"Growth rate, over 1 year",2024-10,,1.71,,A,Normal value,0,Units,,,,,1,One
DATAFLOW,OECD.SDD.TPS:DSD_G20_PRICES@DF_G20_PRICES(1.0),"G20 - Consumer price indices, all items",I,IDN,Indonesia,M,Monthly,N,National,CPI,Consumer price index,PA,Percent per annum,_T,Total,N,Neither seasonally adjusted nor calendar adjusted,GY,"Growth rate, over 1 year",2024-11,,1.55,,A,Normal value,0,Units,,,,,1,One
DATAFLOW,OECD.SDD.TPS:DSD_G20_PRICES@DF_G20_PRICES(1.0),"G20 - Consumer price indices, all items",I,IDN,Indonesia,M,Monthly,N,National,CPI,Consumer price index,PA,Percent per annum,_T,Total,N,Neither seasonally adjusted nor calendar adjusted,GY,"Growth rate, over 1 year",2024-12,,1.57,,A,Normal value,0,Units,,,,,1,One
DATAFLOW,OECD.SDD.TPS:DSD_G20_PRICES@DF_G20_PRICES(1.0),"G20 - Consumer price indices, all items",I,GBR,United Kingdom,M,Monthly,HICP,Eurostat harmonised index of consumer prices (HICP),CPI,Consumer price index,PA,Percent per annum,_T,Total,N,Neither seasonally adjusted nor calendar adjusted,GY,"Growth rate, over 1 year",2023-12,,4,,A,Normal value,0,Units,,,,,1,One
DATAFLOW,OECD.SDD.TPS:DSD_G20_PRICES@DF_G20_PRICES(1.0),"G20 - Consumer price indices, all items",I,GBR,United Kingdom,M,Monthly,HICP,Eurostat harmonised index of consumer prices (HICP),CPI,Consumer price index,PA,Percent per annum,_T,Total,N,Neither seasonally adjusted nor calendar adjusted,GY,"Growth rate, over 1 year",2024-01,,4,,A,Normal value,0,Units,,,,,1,One
DATAFLOW,OECD.SDD.TPS:DSD_G20_PRICES@DF_G20_PRICES(1.0),"G20 - Consumer price indices, all items",I,GBR,United Kingdom,M,Monthly,HICP,Eurostat harmonised index of consumer prices (HICP),CPI,Consumer price index,PA,Percent per annum,_T,Total,N,Neither seasonally adjusted nor calendar adjusted,GY,"Growth rate, over 1 year",2024-02,,3.4,,A,Normal value,0,Units,,,,,1,One
DATAFLOW,OECD.SDD.TPS:DSD_G20_PRICES@DF_G20_PRICES(1.0),"G20 - Consumer price indices, all items",I,GBR,United Kingdom,M,Monthly,HICP,Eurostat harmonised index of consumer prices (HICP),CPI,Consumer price index,PA,Percent per annum,_T,Total,N,Neither seasonally adjusted nor calendar adjusted,GY,"Growth rate, over 1 year",2024-03,,3.2,,A,Normal value,0,Units,,,,,1,One
DATAFLOW,OECD.SDD.TPS:DSD_G20_PRICES@DF_G20_PRICES(1.0),"G20 - Consumer price indices, all items",I,GBR,United Kingdom,M,Monthly,HICP,Eurostat harmonised index of consumer prices (HICP),CPI,Consumer price index,PA,Percent per annum,_T,Total,N,Neither seasonally adjusted nor calendar adjusted,GY,"Growth rate, over 1 year",2024-04,,2.3,,A,Normal value,0,Units,,,,,1,One
DATAFLOW,OECD.SDD.TPS:DSD_G20_PRICES@DF_G20_PRICES(1.0),"G20 - Consumer price indices, all items",I,GBR,United Kingdom,M,Monthly,HICP,Eurostat harmonised index of consumer prices (HICP),CPI,Consumer price index,PA,Percent per annum,_T,Total,N,Neither seasonally adjusted nor calendar adjusted,GY,"Growth rate, over 1 year",2024-05,,2,,A,Normal value,0,Units,,,,,1,One
DATAFLOW,OECD.SDD.TPS:DSD_G20_PRICES@DF_G20_PRICES(1.0),"G20 - Consumer price indices, all items",I,GBR,United Kingdom,M,Monthly,HICP,Eurostat harmonised index of consumer prices (HICP),CPI,Consumer price index,PA,Percent per annum,_T,Total,N,Neither seasonally adjusted nor calendar adjusted,GY,"Growth rate, over 1 year",2024-06,,2,,A,Normal value,0,Units,,,,,1,One
DATAFLOW,OECD.SDD.TPS:DSD_G20_PRICES@DF_G20_PRICES(1.0),"G20 - Consumer price indices, all items",I,GBR,United Kingdom,M,Monthly,HICP,Eurostat harmonised index of consumer prices (HICP),CPI,Consumer price index,PA,Percent per annum,_T,Total,N,Neither seasonally adjusted nor calendar adjusted,GY,"Growth rate, over 1 year",2024-07,,2.2,,A,Normal value,0,Units,,,,,1,One
DATAFLOW,OECD.SDD.TPS:DSD_G20_PRICES@DF_G20_PRICES(1.0),"G20 - Consumer price indices, all items",I,GBR,United Kingdom,M,Monthly,HICP,Eurostat harmonised index of consumer prices (HICP),CPI,Consumer price index,PA,Percent per annum,_T,Total,N,Neither seasonally adjusted nor calendar adjusted,GY,"Growth rate, over 1 year",2024-08,,2.2,,A,Normal value,0,Units,,,,,1,One
DATAFLOW,OECD.SDD.TPS:DSD_G20_PRICES@DF_G20_PRICES(1.0),"G20 - Consumer price indices, all items",I,GBR,United Kingdom,M,Monthly,HICP,Eurostat harmonised index of consumer prices (HICP),CPI,Consumer price index,PA,Percent per annum,_T,Total,N,Neither seasonally adjusted nor calendar adjusted,GY,"Growth rate, over 1 year",2024-09,,1.7,,A,Normal value,0,Units,,,,,1,One
DATAFLOW,OECD.SDD.TPS:DSD_G20_PRICES@DF_G20_PRICES(1.0),"G20 - Consumer price indices, all items",I,GBR,United Kingdom,M,Monthly,HICP,Eurostat harmonised index of consumer prices (HICP),CPI,Consumer price index,PA,Percent per annum,_T,Total,N,Neither seasonally adjusted nor calendar adjusted,GY,"Growth rate, over 1 year",2024-10,,2.3,,A,Normal value,0,Units,,,,,1,One
DATAFLOW,OECD.SDD.TPS:DSD_G20_PRICES@DF_G20_PRICES(1.0),"G20 - Consumer price indices, all items",I,GBR,United Kingdom,M,Monthly,HICP,Eurostat harmonised index of consumer prices (HICP),CPI,Consumer price index,PA,Percent per annum,_T,Total,N,Neither seasonally adjusted nor calendar adjusted,GY,"Growth rate, over 1 year",2024-11,,2.6,,A,Normal value,0,Units,,,,,1,One
DATAFLOW,OECD.SDD.TPS:DSD_G20_PRICES@DF_G20_PRICES(1.0),"G20 - Consumer price indices, all items",I,CAN,Canada,M,Monthly,N,National,CPI,Consumer price index,PA,Percent per annum,_T,Total,N,Neither seasonally adjusted nor calendar adjusted,GY,"Growth rate, over 1 year",2023-12,,3.396473,,A,Normal value,0,Units,,,,,1,One
DATAFLOW,OECD.SDD.TPS:DSD_G20_PRICES@DF_G20_PRICES(1.0),"G20 - Consumer price indices, all items",I,CAN,Canada,M,Monthly,N,National,CPI,Consumer price index,PA,Percent per annum,_T,Total,N,Neither seasonally adjusted nor calendar adjusted,GY,"Growth rate, over 1 year",2024-01,,2.858999,,A,Normal value,0,Units,,,,,1,One
DATAFLOW,OECD.SDD.TPS:DSD_G20_PRICES@DF_G20_PRICES(1.0),"G20 - Consumer price indices, all items",I,CAN,Canada,M,Monthly,N,National,CPI,Consumer price index,PA,Percent per annum,_T,Total,N,Neither seasonally adjusted nor calendar adjusted,GY,"Growth rate, over 1 year",2024-02,,2.783171,,A,Normal value,0,Units,,,,,1,One
DATAFLOW,OECD.SDD.TPS:DSD_G20_PRICES@DF_G20_PRICES(1.0),"G20 - Consumer price indices, all items",I,CAN,Canada,M,Monthly,N,National,CPI,Consumer price index,PA,Percent per annum,_T,Total,N,Neither seasonally adjusted nor calendar adjusted,GY,"Growth rate, over 1 year",2024-03,,2.897618,,A,Normal value,0,Units,,,,,1,One
DATAFLOW,OECD.SDD.TPS:DSD_G20_PRICES@DF_G20_PRICES(1.0),"G20 - Consumer price indices, all items",I,CAN,Canada,M,Monthly,N,National,CPI,Consumer price index,PA,Percent per annum,_T,Total,N,Neither seasonally adjusted nor calendar adjusted,GY,"Growth rate, over 1 year",2024-04,,2.685422,,A,Normal value,0,Units,,,,,1,One
DATAFLOW,OECD.SDD.TPS:DSD_G20_PRICES@DF_G20_PRICES(1.0),"G20 - Consumer price indices, all items",I,CAN,Canada,M,Monthly,N,National,CPI,Consumer price index,PA,Percent per annum,_T,Total,N,Neither seasonally adjusted nor calendar adjusted,GY,"Growth rate, over 1 year",2024-05,,2.866242,,A,Normal value,0,Units,,,,,1,One
DATAFLOW,OECD.SDD.TPS:DSD_G20_PRICES@DF_G20_PRICES(1.0),"G20 - Consumer price indices, all items",I,CAN,Canada,M,Monthly,N,National,CPI,Consumer price index,PA,Percent per annum,_T,Total,N,Neither seasonally adjusted nor calendar adjusted,GY,"Growth rate, over 1 year",2024-06,,2.671756,,A,Normal value,0,Units,,,,,1,One
DATAFLOW,OECD.SDD.TPS:DSD_G20_PRICES@DF_G20_PRICES(1.0),"G20 - Consumer price indices, all items",I,CAN,Canada,M,Monthly,N,National,CPI,Consumer price index,PA,Percent per annum,_T,Total,N,Neither seasonally adjusted nor calendar adjusted,GY,"Growth rate, over 1 year",2024-07,,2.530044,,A,Normal value,0,Units,,,,,1,One
DATAFLOW,OECD.SDD.TPS:DSD_G20_PRICES@DF_G20_PRICES(1.0),"G20 - Consumer price indices, all items",I,CAN,Canada,M,Monthly,N,National,CPI,Consumer price index,PA,Percent per annum,_T,Total,N,Neither seasonally adjusted nor calendar adjusted,GY,"Growth rate, over 1 year",2024-08,,1.953371,,A,Normal value,0,Units,,,,,1,One
DATAFLOW,OECD.SDD.TPS:DSD_G20_PRICES@DF_G20_PRICES(1.0),"G20 - Consumer price indices, all items",I,CAN,Canada,M,Monthly,N,National,CPI,Consumer price index,PA,Percent per annum,_T,Total,N,Neither seasonally adjusted nor calendar adjusted,GY,"Growth rate, over 1 year",2024-09,,1.640379,,A,Normal value,0,Units,,,,,1,One
DATAFLOW,OECD.SDD.TPS:DSD_G20_PRICES@DF_G20_PRICES(1.0),"G20 - Consumer price indices, all items",I,CAN,Canada,M,Monthly,N,National,CPI,Consumer price index,PA,Percent per annum,_T,Total,N,Neither seasonally adjusted nor calendar adjusted,GY,"Growth rate, over 1 year",2024-10,,2.017654,,A,Normal value,0,Units,,,,,1,One
DATAFLOW,OECD.SDD.TPS:DSD_G20_PRICES@DF_G20_PRICES(1.0),"G20 - Consumer price indices, all items",I,CAN,Canada,M,Monthly,N,National,CPI,Consumer price index,PA,Percent per annum,_T,Total,N,Neither seasonally adjusted nor calendar adjusted,GY,"Growth rate, over 1 year",2024-11,,1.889169,,A,Normal value,0,Units,,,,,1,One
DATAFLOW,OECD.SDD.TPS:DSD_G20_PRICES@DF_G20_PRICES(1.0),"G20 - Consumer price indices, all items",I,ITA,Italy,M,Monthly,HICP,Eurostat harmonised index of consumer prices (HICP),CPI,Consumer price index,PA,Percent per annum,_T,Total,N,Neither seasonally adjusted nor calendar adjusted,GY,"Growth rate, over 1 year",2023-12,,0.5,,A,Normal value,0,Units,,,,,1,One
DATAFLOW,OECD.SDD.TPS:DSD_G20_PRICES@DF_G20_PRICES(1.0),"G20 - Consumer price indices, all items",I,ITA,Italy,M,Monthly,HICP,Eurostat harmonised index of consumer prices (HICP),CPI,Consumer price index,PA,Percent per annum,_T,Total,N,Neither seasonally adjusted nor calendar adjusted,GY,"Growth rate, over 1 year",2024-01,,0.9,,A,Normal value,0,Units,,,,,1,One
DATAFLOW,OECD.SDD.TPS:DSD_G20_PRICES@DF_G20_PRICES(1.0),"G20 - Consumer price indices, all items",I,ITA,Italy,M,Monthly,HICP,Eurostat harmonised index of consumer prices (HICP),CPI,Consumer price index,PA,Percent per annum,_T,Total,N,Neither seasonally adjusted nor calendar adjusted,GY,"Growth rate, over 1 year",2024-02,,0.8,,A,Normal value,0,Units,,,,,1,One
DATAFLOW,OECD.SDD.TPS:DSD_G20_PRICES@DF_G20_PRICES(1.0),"G20 - Consumer price indices, all items",I,ITA,Italy,M,Monthly,HICP,Eurostat harmonised index of consumer prices (HICP),CPI,Consumer price index,PA,Percent per annum,_T,Total,N,Neither seasonally adjusted nor calendar adjusted,GY,"Growth rate, over 1 year",2024-03,,1.2,,A,Normal value,0,Units,,,,,1,One
DATAFLOW,OECD.SDD.TPS:DSD_G20_PRICES@DF_G20_PRICES(1.0),"G20 - Consumer price indices, all items",I,ITA,Italy,M,Monthly,HICP,Eurostat harmonised index of consumer prices (HICP),CPI,Consumer price index,PA,Percent per annum,_T,Total,N,Neither seasonally adjusted nor calendar adjusted,GY,"Growth rate, over 1 year",2024-04,,0.9,,A,Normal value,0,Units,,,,,1,One
DATAFLOW,OECD.SDD.TPS:DSD_G20_PRICES@DF_G20_PRICES(1.0),"G20 - Consumer price indices, all items",I,ITA,Italy,M,Monthly,HICP,Eurostat harmonised index of consumer prices (HICP),CPI,Consumer price index,PA,Percent per annum,_T,Total,N,Neither seasonally adjusted nor calendar adjusted,GY,"Growth rate, over 1 year",2024-05,,0.8,,A,Normal value,0,Units,,,,,1,One
DATAFLOW,OECD.SDD.TPS:DSD_G20_PRICES@DF_G20_PRICES(1.0),"G20 - Consumer price indices, all items",I,ITA,Italy,M,Monthly,HICP,Eurostat harmonised index of consumer prices (HICP),CPI,Consumer price index,PA,Percent per annum,_T,Total,N,Neither seasonally adjusted nor calendar adjusted,GY,"Growth rate, over 1 year",2024-06,,0.9,,A,Normal value,0,Units,,,,,1,One
DATAFLOW,OECD.SDD.TPS:DSD_G20_PRICES@DF_G20_PRICES(1.0),"G20 - Consumer price indices, all items",I,ITA,Italy,M,Monthly,HICP,Eurostat harmonised index of consumer prices (HICP),CPI,Consumer price index,PA,Percent per annum,_T,Total,N,Neither seasonally adjusted nor calendar adjusted,GY,"Growth rate, over 1 year",2024-07,,1.6,,A,Normal value,0,Units,,,,,1,One
DATAFLOW,OECD.SDD.TPS:DSD_G20_PRICES@DF_G20_PRICES(1.0),"G20 - Consumer price indices, all items",I,ITA,Italy,M,Monthly,HICP,Eurostat harmonised index of consumer prices (HICP),CPI,Consumer price index,PA,Percent per annum,_T,Total,N,Neither seasonally adjusted nor calendar adjusted,GY,"Growth rate, over 1 year",2024-08,,1.2,,A,Normal value,0,Units,,,,,1,One
DATAFLOW,OECD.SDD.TPS:DSD_G20_PRICES@DF_G20_PRICES(1.0),"G20 - Consumer price indices, all items",I,ITA,Italy,M,Monthly,HICP,Eurostat harmonised index of consumer prices (HICP),CPI,Consumer price index,PA,Percent per annum,_T,Total,N,Neither seasonally adjusted nor calendar adjusted,GY,"Growth rate, over 1 year",2024-09,,0.7,,A,Normal value,0,Units,,,,,1,One
DATAFLOW,OECD.SDD.TPS:DSD_G20_PRICES@DF_G20_PRICES(1.0),"G20 - Consumer price indices, all items",I,ITA,Italy,M,Monthly,HICP,Eurostat harmonised index of consumer prices (HICP),CPI,Consumer price index,PA,Percent per annum,_T,Total,N,Neither seasonally adjusted nor calendar adjusted,GY,"Growth rate, over 1 year",2024-10,,1,,A,Normal value,0,Units,,,,,1,One
DATAFLOW,OECD.SDD.TPS:DSD_G20_PRICES@DF_G20_PRICES(1.0),"G20 - Consumer price indices, all items",I,ITA,Italy,M,Monthly,HICP,Eurostat harmonised index of consumer prices (HICP),CPI,Consumer price index,PA,Percent per annum,_T,Total,N,Neither seasonally adjusted nor calendar adjusted,GY,"Growth rate, over 1 year",2024-11,,1.5,,A,Normal value,0,Units,,,,,1,One
DATAFLOW,OECD.SDD.TPS:DSD_G20_PRICES@DF_G20_PRICES(1.0),"G20 - Consumer price indices, all items",I,ZAF,South Africa,M,Monthly,N,National,CPI,Consumer price index,PA,Percent per annum,_T,Total,N,Neither seasonally adjusted nor calendar adjusted,GY,"Growth rate, over 1 year",2023-12,,5.209302,,A,Normal value,0,Units,,,,,1,One
DATAFLOW,OECD.SDD.TPS:DSD_G20_PRICES@DF_G20_PRICES(1.0),"G20 - Consumer price indices, all items",I,ZAF,South Africa,M,Monthly,N,National,CPI,Consumer price index,PA,Percent per annum,_T,Total,N,Neither seasonally adjusted nor calendar adjusted,GY,"Growth rate, over 1 year",2024-01,,5.400373,,A,Normal value,0,Units,,,,,1,One
DATAFLOW,OECD.SDD.TPS:DSD_G20_PRICES@DF_G20_PRICES(1.0),"G20 - Consumer price indices, all items",I,ZAF,South Africa,M,Monthly,N,National,CPI,Consumer price index,PA,Percent per annum,_T,Total,N,Neither seasonally adjusted nor calendar adjusted,GY,"Growth rate, over 1 year",2024-02,,5.545287,,A,Normal value,0,Units,,,,,1,One
DATAFLOW,OECD.SDD.TPS:DSD_G20_PRICES@DF_G20_PRICES(1.0),"G20 - Consumer price indices, all items",I,ZAF,South Africa,M,Monthly,N,National,CPI,Consumer price index,PA,Percent per annum,_T,Total,N,Neither seasonally adjusted nor calendar adjusted,GY,"Growth rate, over 1 year",2024-03,,5.306496,,A,Normal value,0,Units,,,,,1,One
DATAFLOW,OECD.SDD.TPS:DSD_G20_PRICES@DF_G20_PRICES(1.0),"G20 - Consumer price indices, all items",I,ZAF,South Africa,M,Monthly,N,National,CPI,Consumer price index,PA,Percent per annum,_T,Total,N,Neither seasonally adjusted nor calendar adjusted,GY,"Growth rate, over 1 year",2024-04,,5.100182,,A,Normal value,0,Units,,,,,1,One
DATAFLOW,OECD.SDD.TPS:DSD_G20_PRICES@DF_G20_PRICES(1.0),"G20 - Consumer price indices, all items",I,ZAF,South Africa,M,Monthly,N,National,CPI,Consumer price index,PA,Percent per annum,_T,Total,N,Neither seasonally adjusted nor calendar adjusted,GY,"Growth rate, over 1 year",2024-05,,5.090909,,A,Normal value,0,Units,,,,,1,One
DATAFLOW,OECD.SDD.TPS:DSD_G20_PRICES@DF_G20_PRICES(1.0),"G20 - Consumer price indices, all items",I,ZAF,South Africa,M,Monthly,N,National,CPI,Consumer price index,PA,Percent per annum,_T,Total,N,Neither seasonally adjusted nor calendar adjusted,GY,"Growth rate, over 1 year",2024-06,,4.990926,,A,Normal value,0,Units,,,,,1,One
DATAFLOW,OECD.SDD.TPS:DSD_G20_PRICES@DF_G20_PRICES(1.0),"G20 - Consumer price indices, all items",I,ZAF,South Africa,M,Monthly,N,National,CPI,Consumer price index,PA,Percent per annum,_T,Total,N,Neither seasonally adjusted nor calendar adjusted,GY,"Growth rate, over 1 year",2024-07,,4.590459,,A,Normal value,0,Units,,,,,1,One
DATAFLOW,OECD.SDD.TPS:DSD_G20_PRICES@DF_G20_PRICES(1.0),"G20 - Consumer price indices, all items",I,ZAF,South Africa,M,Monthly,N,National,CPI,Consumer price index,PA,Percent per annum,_T,Total,N,Neither seasonally adjusted nor calendar adjusted,GY,"Growth rate, over 1 year",2024-08,,4.398564,,A,Normal value,0,Units,,,,,1,One
DATAFLOW,OECD.SDD.TPS:DSD_G20_PRICES@DF_G20_PRICES(1.0),"G20 - Consumer price indices, all items",I,ZAF,South Africa,M,Monthly,N,National,CPI,Consumer price index,PA,Percent per annum,_T,Total,N,Neither seasonally adjusted nor calendar adjusted,GY,"Growth rate, over 1 year",2024-09,,3.743315,,A,Normal value,0,Units,,,,,1,One
DATAFLOW,OECD.SDD.TPS:DSD_G20_PRICES@DF_G20_PRICES(1.0),"G20 - Consumer price indices, all items",I,ZAF,South Africa,M,Monthly,N,National,CPI,Consumer price index,PA,Percent per annum,_T,Total,N,Neither seasonally adjusted nor calendar adjusted,GY,"Growth rate, over 1 year",2024-10,,2.826855,,A,Normal value,0,Units,,,,,1,One
DATAFLOW,OECD.SDD.TPS:DSD_G20_PRICES@DF_G20_PRICES(1.0),"G20 - Consumer price indices, all items",I,ZAF,South Africa,M,Monthly,N,National,CPI,Consumer price index,PA,Percent per annum,_T,Total,N,Neither seasonally adjusted nor calendar adjusted,GY,"Growth rate, over 1 year",2024-11,,2.829355,,A,Normal value,0,Units,,,,,1,One
DATAFLOW,OECD.SDD.TPS:DSD_G20_PRICES@DF_G20_PRICES(1.0),"G20 - Consumer price indices, all items",I,DEU,Germany,M,Monthly,HICP,Eurostat harmonised index of consumer prices (HICP),CPI,Consumer price index,PA,Percent per annum,_T,Total,N,Neither seasonally adjusted nor calendar adjusted,GY,"Growth rate, over 1 year",2023-12,,3.8,,A,Normal value,0,Units,,,,,1,One
DATAFLOW,OECD.SDD.TPS:DSD_G20_PRICES@DF_G20_PRICES(1.0),"G20 - Consumer price indices, all items",I,DEU,Germany,M,Monthly,HICP,Eurostat harmonised index of consumer prices (HICP),CPI,Consumer price index,PA,Percent per annum,_T,Total,N,Neither seasonally adjusted nor calendar adjusted,GY,"Growth rate, over 1 year",2024-01,,3.1,,A,Normal value,0,Units,,,,,1,One
DATAFLOW,OECD.SDD.TPS:DSD_G20_PRICES@DF_G20_PRICES(1.0),"G20 - Consumer price indices, all items",I,DEU,Germany,M,Monthly,HICP,Eurostat harmonised index of consumer prices (HICP),CPI,Consumer price index,PA,Percent per annum,_T,Total,N,Neither seasonally adjusted nor calendar adjusted,GY,"Growth rate, over 1 year",2024-02,,2.7,,A,Normal value,0,Units,,,,,1,One
DATAFLOW,OECD.SDD.TPS:DSD_G20_PRICES@DF_G20_PRICES(1.0),"G20 - Consumer price indices, all items",I,DEU,Germany,M,Monthly,HICP,Eurostat harmonised index of consumer prices (HICP),CPI,Consumer price index,PA,Percent per annum,_T,Total,N,Neither seasonally adjusted nor calendar adjusted,GY,"Growth rate, over 1 year",2024-03,,2.3,,A,Normal value,0,Units,,,,,1,One
DATAFLOW,OECD.SDD.TPS:DSD_G20_PRICES@DF_G20_PRICES(1.0),"G20 - Consumer price indices, all items",I,DEU,Germany,M,Monthly,HICP,Eurostat harmonised index of consumer prices (HICP),CPI,Consumer price index,PA,Percent per annum,_T,Total,N,Neither seasonally adjusted nor calendar adjusted,GY,"Growth rate, over 1 year",2024-04,,2.4,,A,Normal value,0,Units,,,,,1,One
DATAFLOW,OECD.SDD.TPS:DSD_G20_PRICES@DF_G20_PRICES(1.0),"G20 - Consumer price indices, all items",I,DEU,Germany,M,Monthly,HICP,Eurostat harmonised index of consumer prices (HICP),CPI,Consumer price index,PA,Percent per annum,_T,Total,N,Neither seasonally adjusted nor calendar adjusted,GY,"Growth rate, over 1 year",2024-05,,2.8,,A,Normal value,0,Units,,,,,1,One
DATAFLOW,OECD.SDD.TPS:DSD_G20_PRICES@DF_G20_PRICES(1.0),"G20 - Consumer price indices, all items",I,DEU,Germany,M,Monthly,HICP,Eurostat harmonised index of consumer prices (HICP),CPI,Consumer price index,PA,Percent per annum,_T,Total,N,Neither seasonally adjusted nor calendar adjusted,GY,"Growth rate, over 1 year",2024-06,,2.5,,A,Normal value,0,Units,,,,,1,One
DATAFLOW,OECD.SDD.TPS:DSD_G20_PRICES@DF_G20_PRICES(1.0),"G20 - Consumer price indices, all items",I,DEU,Germany,M,Monthly,HICP,Eurostat harmonised index of consumer prices (HICP),CPI,Consumer price index,PA,Percent per annum,_T,Total,N,Neither seasonally adjusted nor calendar adjusted,GY,"Growth rate, over 1 year",2024-07,,2.6,,A,Normal value,0,Units,,,,,1,One
DATAFLOW,OECD.SDD.TPS:DSD_G20_PRICES@DF_G20_PRICES(1.0),"G20 - Consumer price indices, all items",I,DEU,Germany,M,Monthly,HICP,Eurostat harmonised index of consumer prices (HICP),CPI,Consumer price index,PA,Percent per annum,_T,Total,N,Neither seasonally adjusted nor calendar adjusted,GY,"Growth rate, over 1 year",2024-08,,2,,A,Normal value,0,Units,,,,,1,One
DATAFLOW,OECD.SDD.TPS:DSD_G20_PRICES@DF_G20_PRICES(1.0),"G20 - Consumer price indices, all items",I,DEU,Germany,M,Monthly,HICP,Eurostat harmonised index of consumer prices (HICP),CPI,Consumer price index,PA,Percent per annum,_T,Total,N,Neither seasonally adjusted nor calendar adjusted,GY,"Growth rate, over 1 year",2024-09,,1.8,,A,Normal value,0,Units,,,,,1,One
DATAFLOW,OECD.SDD.TPS:DSD_G20_PRICES@DF_G20_PRICES(1.0),"G20 - Consumer price indices, all items",I,DEU,Germany,M,Monthly,HICP,Eurostat harmonised index of consumer prices (HICP),CPI,Consumer price index,PA,Percent per annum,_T,Total,N,Neither seasonally adjusted nor calendar adjusted,GY,"Growth rate, over 1 year",2024-10,,2.4,,A,Normal value,0,Units,,,,,1,One
DATAFLOW,OECD.SDD.TPS:DSD_G20_PRICES@DF_G20_PRICES(1.0),"G20 - Consumer price indices, all items",I,DEU,Germany,M,Monthly,HICP,Eurostat harmonised index of consumer prices (HICP),CPI,Consumer price index,PA,Percent per annum,_T,Total,N,Neither seasonally adjusted nor calendar adjusted,GY,"Growth rate, over 1 year",2024-11,,2.4,,A,Normal value,0,Units,,,,,1,One
DATAFLOW,OECD.SDD.TPS:DSD_G20_PRICES@DF_G20_PRICES(1.0),"G20 - Consumer price indices, all items",I,BRA,Brazil,M,Monthly,N,National,CPI,Consumer price index,PA,Percent per annum,_T,Total,N,Neither seasonally adjusted nor calendar adjusted,GY,"Growth rate, over 1 year",2023-12,,4.62119,,A,Normal value,0,Units,,,,,1,One
DATAFLOW,OECD.SDD.TPS:DSD_G20_PRICES@DF_G20_PRICES(1.0),"G20 - Consumer price indices, all items",I,BRA,Brazil,M,Monthly,N,National,CPI,Consumer price index,PA,Percent per annum,_T,Total,N,Neither seasonally adjusted nor calendar adjusted,GY,"Growth rate, over 1 year",2024-01,,4.506791,,A,Normal value,0,Units,,,,,1,One
DATAFLOW,OECD.SDD.TPS:DSD_G20_PRICES@DF_G20_PRICES(1.0),"G20 - Consumer price indices, all items",I,BRA,Brazil,M,Monthly,N,National,CPI,Consumer price index,PA,Percent per annum,_T,Total,N,Neither seasonally adjusted nor calendar adjusted,GY,"Growth rate, over 1 year",2024-02,,4.496371,,A,Normal value,0,Units,,,,,1,One
DATAFLOW,OECD.SDD.TPS:DSD_G20_PRICES@DF_G20_PRICES(1.0),"G20 - Consumer price indices, all items",I,BRA,Brazil,M,Monthly,N,National,CPI,Consumer price index,PA,Percent per annum,_T,Total,N,Neither seasonally adjusted nor calendar adjusted,GY,"Growth rate, over 1 year",2024-03,,3.925612,,A,Normal value,0,Units,,,,,1,One
DATAFLOW,OECD.SDD.TPS:DSD_G20_PRICES@DF_G20_PRICES(1.0),"G20 - Consumer price indices, all items",I,BRA,Brazil,M,Monthly,N,National,CPI,Consumer price index,PA,Percent per annum,_T,Total,N,Neither seasonally adjusted nor calendar adjusted,GY,"Growth rate, over 1 year",2024-04,,3.687975,,A,Normal value,0,Units,,,,,1,One
DATAFLOW,OECD.SDD.TPS:DSD_G20_PRICES@DF_G20_PRICES(1.0),"G20 - Consumer price indices, all items",I,BRA,Brazil,M,Monthly,N,National,CPI,Consumer price index,PA,Percent per annum,_T,Total,N,Neither seasonally adjusted nor calendar adjusted,GY,"Growth rate, over 1 year",2024-05,,3.926017,,A,Normal value,0,Units,,,,,1,One
DATAFLOW,OECD.SDD.TPS:DSD_G20_PRICES@DF_G20_PRICES(1.0),"G20 - Consumer price indices, all items",I,BRA,Brazil,M,Monthly,N,National,CPI,Consumer price index,PA,Percent per annum,_T,Total,N,Neither seasonally adjusted nor calendar adjusted,GY,"Growth rate, over 1 year",2024-06,,4.227659,,A,Normal value,0,Units,,,,,1,One
DATAFLOW,OECD.SDD.TPS:DSD_G20_PRICES@DF_G20_PRICES(1.0),"G20 - Consumer price indices, all items",I,BRA,Brazil,M,Monthly,N,National,CPI,Consumer price index,PA,Percent per annum,_T,Total,N,Neither seasonally adjusted nor calendar adjusted,GY,"Growth rate, over 1 year",2024-07,,4.498391,,A,Normal value,0,Units,,,,,1,One
DATAFLOW,OECD.SDD.TPS:DSD_G20_PRICES@DF_G20_PRICES(1.0),"G20 - Consumer price indices, all items",I,BRA,Brazil,M,Monthly,N,National,CPI,Consumer price index,PA,Percent per annum,_T,Total,N,Neither seasonally adjusted nor calendar adjusted,GY,"Growth rate, over 1 year",2024-08,,4.23774,,A,Normal value,0,Units,,,,,1,One
DATAFLOW,OECD.SDD.TPS:DSD_G20_PRICES@DF_G20_PRICES(1.0),"G20 - Consumer price indices, all items",I,BRA,Brazil,M,Monthly,N,National,CPI,Consumer price index,PA,Percent per annum,_T,Total,N,Neither seasonally adjusted nor calendar adjusted,GY,"Growth rate, over 1 year",2024-09,,4.424788,,A,Normal value,0,Units,,,,,1,One
DATAFLOW,OECD.SDD.TPS:DSD_G20_PRICES@DF_G20_PRICES(1.0),"G20 - Consumer price indices, all items",I,BRA,Brazil,M,Monthly,N,National,CPI,Consumer price index,PA,Percent per annum,_T,Total,N,Neither seasonally adjusted nor calendar adjusted,GY,"Growth rate, over 1 year",2024-10,,4.758112,,A,Normal value,0,Units,,,,,1,One
DATAFLOW,OECD.SDD.TPS:DSD_G20_PRICES@DF_G20_PRICES(1.0),"G20 - Consumer price indices, all items",I,BRA,Brazil,M,Monthly,N,National,CPI,Consumer price index,PA,Percent per annum,_T,Total,N,Neither seasonally adjusted nor calendar adjusted,GY,"Growth rate, over 1 year",2024-11,,4.87295,,A,Normal value,0,Units,,,,,1,One
DATAFLOW,OECD.SDD.TPS:DSD_G20_PRICES@DF_G20_PRICES(1.0),"G20 - Consumer price indices, all items",I,TUR,Türkiye,M,Monthly,HICP,Eurostat harmonised index of consumer prices (HICP),CPI,Consumer price index,PA,Percent per annum,_T,Total,N,Neither seasonally adjusted nor calendar adjusted,GY,"Growth rate, over 1 year",2023-12,,64.9,,A,Normal value,0,Units,,,,,1,One
DATAFLOW,OECD.SDD.TPS:DSD_G20_PRICES@DF_G20_PRICES(1.0),"G20 - Consumer price indices, all items",I,TUR,Türkiye,M,Monthly,HICP,Eurostat harmonised index of consumer prices (HICP),CPI,Consumer price index,PA,Percent per annum,_T,Total,N,Neither seasonally adjusted nor calendar adjusted,GY,"Growth rate, over 1 year",2024-01,,64.9,,A,Normal value,0,Units,,,,,1,One
DATAFLOW,OECD.SDD.TPS:DSD_G20_PRICES@DF_G20_PRICES(1.0),"G20 - Consumer price indices, all items",I,TUR,Türkiye,M,Monthly,HICP,Eurostat harmonised index of consumer prices (HICP),CPI,Consumer price index,PA,Percent per annum,_T,Total,N,Neither seasonally adjusted nor calendar adjusted,GY,"Growth rate, over 1 year",2024-02,,67.1,,A,Normal value,0,Units,,,,,1,One
DATAFLOW,OECD.SDD.TPS:DSD_G20_PRICES@DF_G20_PRICES(1.0),"G20 - Consumer price indices, all items",I,TUR,Türkiye,M,Monthly,HICP,Eurostat harmonised index of consumer prices (HICP),CPI,Consumer price index,PA,Percent per annum,_T,Total,N,Neither seasonally adjusted nor calendar adjusted,GY,"Growth rate, over 1 year",2024-03,,68.6,,A,Normal value,0,Units,,,,,1,One
DATAFLOW,OECD.SDD.TPS:DSD_G20_PRICES@DF_G20_PRICES(1.0),"G20 - Consumer price indices, all items",I,TUR,Türkiye,M,Monthly,HICP,Eurostat harmonised index of consumer prices (HICP),CPI,Consumer price index,PA,Percent per annum,_T,Total,N,Neither seasonally adjusted nor calendar adjusted,GY,"Growth rate, over 1 year",2024-04,,69.8,,A,Normal value,0,Units,,,,,1,One
DATAFLOW,OECD.SDD.TPS:DSD_G20_PRICES@DF_G20_PRICES(1.0),"G20 - Consumer price indices, all items",I,TUR,Türkiye,M,Monthly,HICP,Eurostat harmonised index of consumer prices (HICP),CPI,Consumer price index,PA,Percent per annum,_T,Total,N,Neither seasonally adjusted nor calendar adjusted,GY,"Growth rate, over 1 year",2024-05,,75.5,,A,Normal value,0,Units,,,,,1,One
DATAFLOW,OECD.SDD.TPS:DSD_G20_PRICES@DF_G20_PRICES(1.0),"G20 - Consumer price indices, all items",I,TUR,Türkiye,M,Monthly,HICP,Eurostat harmonised index of consumer prices (HICP),CPI,Consumer price index,PA,Percent per annum,_T,Total,N,Neither seasonally adjusted nor calendar adjusted,GY,"Growth rate, over 1 year",2024-06,,71.6,,A,Normal value,0,Units,,,,,1,One
DATAFLOW,OECD.SDD.TPS:DSD_G20_PRICES@DF_G20_PRICES(1.0),"G20 - Consumer price indices, all items",I,TUR,Türkiye,M,Monthly,HICP,Eurostat harmonised index of consumer prices (HICP),CPI,Consumer price index,PA,Percent per annum,_T,Total,N,Neither seasonally adjusted nor calendar adjusted,GY,"Growth rate, over 1 year",2024-07,,61.8,,A,Normal value,0,Units,,,,,1,One
DATAFLOW,OECD.SDD.TPS:DSD_G20_PRICES@DF_G20_PRICES(1.0),"G20 - Consumer price indices, all items",I,TUR,Türkiye,M,Monthly,HICP,Eurostat harmonised index of consumer prices (HICP),CPI,Consumer price index,PA,Percent per annum,_T,Total,N,Neither seasonally adjusted nor calendar adjusted,GY,"Growth rate, over 1 year",2024-08,,52,,A,Normal value,0,Units,,,,,1,One
DATAFLOW,OECD.SDD.TPS:DSD_G20_PRICES@DF_G20_PRICES(1.0),"G20 - Consumer price indices, all items",I,TUR,Türkiye,M,Monthly,HICP,Eurostat harmonised index of consumer prices (HICP),CPI,Consumer price index,PA,Percent per annum,_T,Total,N,Neither seasonally adjusted nor calendar adjusted,GY,"Growth rate, over 1 year",2024-09,,49.5,,A,Normal value,0,Units,,,,,1,One
DATAFLOW,OECD.SDD.TPS:DSD_G20_PRICES@DF_G20_PRICES(1.0),"G20 - Consumer price indices, all items",I,TUR,Türkiye,M,Monthly,HICP,Eurostat harmonised index of consumer prices (HICP),CPI,Consumer price index,PA,Percent per annum,_T,Total,N,Neither seasonally adjusted nor calendar adjusted,GY,"Growth rate, over 1 year",2024-10,,48.7,,A,Normal value,0,Units,,,,,1,One
DATAFLOW,OECD.SDD.TPS:DSD_G20_PRICES@DF_G20_PRICES(1.0),"G20 - Consumer price indices, all items",I,TUR,Türkiye,M,Monthly,HICP,Eurostat harmonised index of consumer prices (HICP),CPI,Consumer price index,PA,Percent per annum,_T,Total,N,Neither seasonally adjusted nor calendar adjusted,GY,"Growth rate, over 1 year",2024-11,,47.1,,A,Normal value,0,Units,,,,,1,One
DATAFLOW,OECD.SDD.TPS:DSD_G20_PRICES@DF_G20_PRICES(1.0),"G20 - Consumer price indices, all items",I,FRA,France,M,Monthly,HICP,Eurostat harmonised index of consumer prices (HICP),CPI,Consumer price index,PA,Percent per annum,_T,Total,N,Neither seasonally adjusted nor calendar adjusted,GY,"Growth rate, over 1 year",2023-12,,4.1,,A,Normal value,0,Units,,,,,1,One
DATAFLOW,OECD.SDD.TPS:DSD_G20_PRICES@DF_G20_PRICES(1.0),"G20 - Consumer price indices, all items",I,FRA,France,M,Monthly,HICP,Eurostat harmonised index of consumer prices (HICP),CPI,Consumer price index,PA,Percent per annum,_T,Total,N,Neither seasonally adjusted nor calendar adjusted,GY,"Growth rate, over 1 year",2024-01,,3.4,,A,Normal value,0,Units,,,,,1,One
DATAFLOW,OECD.SDD.TPS:DSD_G20_PRICES@DF_G20_PRICES(1.0),"G20 - Consumer price indices, all items",I,FRA,France,M,Monthly,HICP,Eurostat harmonised index of consumer prices (HICP),CPI,Consumer price index,PA,Percent per annum,_T,Total,N,Neither seasonally adjusted nor calendar adjusted,GY,"Growth rate, over 1 year",2024-02,,3.2,,A,Normal value,0,Units,,,,,1,One
DATAFLOW,OECD.SDD.TPS:DSD_G20_PRICES@DF_G20_PRICES(1.0),"G20 - Consumer price indices, all items",I,FRA,France,M,Monthly,HICP,Eurostat harmonised index of consumer prices (HICP),CPI,Consumer price index,PA,Percent per annum,_T,Total,N,Neither seasonally adjusted nor calendar adjusted,GY,"Growth rate, over 1 year",2024-03,,2.4,,A,Normal value,0,Units,,,,,1,One
DATAFLOW,OECD.SDD.TPS:DSD_G20_PRICES@DF_G20_PRICES(1.0),"G20 - Consumer price indices, all items",I,FRA,France,M,Monthly,HICP,Eurostat harmonised index of consumer prices (HICP),CPI,Consumer price index,PA,Percent per annum,_T,Total,N,Neither seasonally adjusted nor calendar adjusted,GY,"Growth rate, over 1 year",2024-04,,2.4,,A,Normal value,0,Units,,,,,1,One
DATAFLOW,OECD.SDD.TPS:DSD_G20_PRICES@DF_G20_PRICES(1.0),"G20 - Consumer price indices, all items",I,FRA,France,M,Monthly,HICP,Eurostat harmonised index of consumer prices (HICP),CPI,Consumer price index,PA,Percent per annum,_T,Total,N,Neither seasonally adjusted nor calendar adjusted,GY,"Growth rate, over 1 year",2024-05,,2.6,,A,Normal value,0,Units,,,,,1,One
DATAFLOW,OECD.SDD.TPS:DSD_G20_PRICES@DF_G20_PRICES(1.0),"G20 - Consumer price indices, all items",I,FRA,France,M,Monthly,HICP,Eurostat harmonised index of consumer prices (HICP),CPI,Consumer price index,PA,Percent per annum,_T,Total,N,Neither seasonally adjusted nor calendar adjusted,GY,"Growth rate, over 1 year",2024-06,,2.5,,A,Normal value,0,Units,,,,,1,One
DATAFLOW,OECD.SDD.TPS:DSD_G20_PRICES@DF_G20_PRICES(1.0),"G20 - Consumer price indices, all items",I,FRA,France,M,Monthly,HICP,Eurostat harmonised index of consumer prices (HICP),CPI,Consumer price index,PA,Percent per annum,_T,Total,N,Neither seasonally adjusted nor calendar adjusted,GY,"Growth rate, over 1 year",2024-07,,2.7,,A,Normal value,0,Units,,,,,1,One
DATAFLOW,OECD.SDD.TPS:DSD_G20_PRICES@DF_G20_PRICES(1.0),"G20 - Consumer price indices, all items",I,FRA,France,M,Monthly,HICP,Eurostat harmonised index of consumer prices (HICP),CPI,Consumer price index,PA,Percent per annum,_T,Total,N,Neither seasonally adjusted nor calendar adjusted,GY,"Growth rate, over 1 year",2024-08,,2.2,,A,Normal value,0,Units,,,,,1,One
DATAFLOW,OECD.SDD.TPS:DSD_G20_PRICES@DF_G20_PRICES(1.0),"G20 - Consumer price indices, all items",I,FRA,France,M,Monthly,HICP,Eurostat harmonised index of consumer prices (HICP),CPI,Consumer price index,PA,Percent per annum,_T,Total,N,Neither seasonally adjusted nor calendar adjusted,GY,"Growth rate, over 1 year",2024-09,,1.4,,A,Normal value,0,Units,,,,,1,One
DATAFLOW,OECD.SDD.TPS:DSD_G20_PRICES@DF_G20_PRICES(1.0),"G20 - Consumer price indices, all items",I,FRA,France,M,Monthly,HICP,Eurostat harmonised index of consumer prices (HICP),CPI,Consumer price index,PA,Percent per annum,_T,Total,N,Neither seasonally adjusted nor calendar adjusted,GY,"Growth rate, over 1 year",2024-10,,1.6,,A,Normal value,0,Units,,,,,1,One
DATAFLOW,OECD.SDD.TPS:DSD_G20_PRICES@DF_G20_PRICES(1.0),"G20 - Consumer price indices, all items",I,FRA,France,M,Monthly,HICP,Eurostat harmonised index of consumer prices (HICP),CPI,Consumer price index,PA,Percent per annum,_T,Total,N,Neither seasonally adjusted nor calendar adjusted,GY,"Growth rate, over 1 year",2024-11,,1.7,,A,Normal value,0,Units,,,,,1,One
DATAFLOW,OECD.SDD.TPS:DSD_G20_PRICES@DF_G20_PRICES(1.0),"G20 - Consumer price indices, all items",I,EU27_2020,European Union (27 countries from 01/02/2020),M,Monthly,HICP,Eurostat harmonised index of consumer prices (HICP),CPI,Consumer price index,PA,Percent per annum,_T,Total,N,Neither seasonally adjusted nor calendar adjusted,GY,"Growth rate, over 1 year",2023-12,,3.4,,A,Normal value,0,Units,,,,,1,One
DATAFLOW,OECD.SDD.TPS:DSD_G20_PRICES@DF_G20_PRICES(1.0),"G20 - Consumer price indices, all items",I,EU27_2020,European Union (27 countries from 01/02/2020),M,Monthly,HICP,Eurostat harmonised index of consumer prices (HICP),CPI,Consumer price index,PA,Percent per annum,_T,Total,N,Neither seasonally adjusted nor calendar adjusted,GY,"Growth rate, over 1 year",2024-01,,3.1,,A,Normal value,0,Units,,,,,1,One
DATAFLOW,OECD.SDD.TPS:DSD_G20_PRICES@DF_G20_PRICES(1.0),"G20 - Consumer price indices, all items",I,EU27_2020,European Union (27 countries from 01/02/2020),M,Monthly,HICP,Eurostat harmonised index of consumer prices (HICP),CPI,Consumer price index,PA,Percent per annum,_T,Total,N,Neither seasonally adjusted nor calendar adjusted,GY,"Growth rate, over 1 year",2024-02,,2.8,,A,Normal value,0,Units,,,,,1,One
DATAFLOW,OECD.SDD.TPS:DSD_G20_PRICES@DF_G20_PRICES(1.0),"G20 - Consumer price indices, all items",I,EU27_2020,European Union (27 countries from 01/02/2020),M,Monthly,HICP,Eurostat harmonised index of consumer prices (HICP),CPI,Consumer price index,PA,Percent per annum,_T,Total,N,Neither seasonally adjusted nor calendar adjusted,GY,"Growth rate, over 1 year",2024-03,,2.6,,A,Normal value,0,Units,,,,,1,One
DATAFLOW,OECD.SDD.TPS:DSD_G20_PRICES@DF_G20_PRICES(1.0),"G20 - Consumer price indices, all items",I,EU27_2020,European Union (27 countries from 01/02/2020),M,Monthly,HICP,Eurostat harmonised index of consumer prices (HICP),CPI,Consumer price index,PA,Percent per annum,_T,Total,N,Neither seasonally adjusted nor calendar adjusted,GY,"Growth rate, over 1 year",2024-04,,2.6,,A,Normal value,0,Units,,,,,1,One
DATAFLOW,OECD.SDD.TPS:DSD_G20_PRICES@DF_G20_PRICES(1.0),"G20 - Consumer price indices, all items",I,EU27_2020,European Union (27 countries from 01/02/2020),M,Monthly,HICP,Eurostat harmonised index of consumer prices (HICP),CPI,Consumer price index,PA,Percent per annum,_T,Total,N,Neither seasonally adjusted nor calendar adjusted,GY,"Growth rate, over 1 year",2024-05,,2.7,,A,Normal value,0,Units,,,,,1,One
DATAFLOW,OECD.SDD.TPS:DSD_G20_PRICES@DF_G20_PRICES(1.0),"G20 - Consumer price indices, all items",I,EU27_2020,European Union (27 countries from 01/02/2020),M,Monthly,HICP,Eurostat harmonised index of consumer prices (HICP),CPI,Consumer price index,PA,Percent per annum,_T,Total,N,Neither seasonally adjusted nor calendar adjusted,GY,"Growth rate, over 1 year",2024-06,,2.6,,A,Normal value,0,Units,,,,,1,One
DATAFLOW,OECD.SDD.TPS:DSD_G20_PRICES@DF_G20_PRICES(1.0),"G20 - Consumer price indices, all items",I,EU27_2020,European Union (27 countries from 01/02/2020),M,Monthly,HICP,Eurostat harmonised index of consumer prices (HICP),CPI,Consumer price index,PA,Percent per annum,_T,Total,N,Neither seasonally adjusted nor calendar adjusted,GY,"Growth rate, over 1 year",2024-07,,2.8,,A,Normal value,0,Units,,,,,1,One
DATAFLOW,OECD.SDD.TPS:DSD_G20_PRICES@DF_G20_PRICES(1.0),"G20 - Consumer price indices, all items",I,EU27_2020,European Union (27 countries from 01/02/2020),M,Monthly,HICP,Eurostat harmonised index of consumer prices (HICP),CPI,Consumer price index,PA,Percent per annum,_T,Total,N,Neither seasonally adjusted nor calendar adjusted,GY,"Growth rate, over 1 year",2024-08,,2.4,,A,Normal value,0,Units,,,,,1,One
DATAFLOW,OECD.SDD.TPS:DSD_G20_PRICES@DF_G20_PRICES(1.0),"G20 - Consumer price indices, all items",I,EU27_2020,European Union (27 countries from 01/02/2020),M,Monthly,HICP,Eurostat harmonised index of consumer prices (HICP),CPI,Consumer price index,PA,Percent per annum,_T,Total,N,Neither seasonally adjusted nor calendar adjusted,GY,"Growth rate, over 1 year",2024-09,,2.1,,A,Normal value,0,Units,,,,,1,One
DATAFLOW,OECD.SDD.TPS:DSD_G20_PRICES@DF_G20_PRICES(1.0),"G20 - Consumer price indices, all items",I,EU27_2020,European Union (27 countries from 01/02/2020),M,Monthly,HICP,Eurostat harmonised index of consumer prices (HICP),CPI,Consumer price index,PA,Percent per annum,_T,Total,N,Neither seasonally adjusted nor calendar adjusted,GY,"Growth rate, over 1 year",2024-10,,2.3,,A,Normal value,0,Units,,,,,1,One
DATAFLOW,OECD.SDD.TPS:DSD_G20_PRICES@DF_G20_PRICES(1.0),"G20 - Consumer price indices, all items",I,EU27_2020,European Union (27 countries from 01/02/2020),M,Monthly,HICP,Eurostat harmonised index of consumer prices (HICP),CPI,Consumer price index,PA,Percent per annum,_T,Total,N,Neither seasonally adjusted nor calendar adjusted,GY,"Growth rate, over 1 year",2024-11,,2.5,,A,Normal value,0,Units,,,,,1,One
DATAFLOW,OECD.SDD.TPS:DSD_G20_PRICES@DF_G20_PRICES(1.0),"G20 - Consumer price indices, all items",I,USA,United States,M,Monthly,N,National,CPI,Consumer price index,PA,Percent per annum,_T,Total,N,Neither seasonally adjusted nor calendar adjusted,GY,"Growth rate, over 1 year",2023-12,,3.352123,,A,Normal value,0,Units,,,,,1,One
DATAFLOW,OECD.SDD.TPS:DSD_G20_PRICES@DF_G20_PRICES(1.0),"G20 - Consumer price indices, all items",I,USA,United States,M,Monthly,N,National,CPI,Consumer price index,PA,Percent per annum,_T,Total,N,Neither seasonally adjusted nor calendar adjusted,GY,"Growth rate, over 1 year",2024-01,,3.090885,,A,Normal value,0,Units,,,,,1,One
DATAFLOW,OECD.SDD.TPS:DSD_G20_PRICES@DF_G20_PRICES(1.0),"G20 - Consumer price indices, all items",I,USA,United States,M,Monthly,N,National,CPI,Consumer price index,PA,Percent per annum,_T,Total,N,Neither seasonally adjusted nor calendar adjusted,GY,"Growth rate, over 1 year",2024-02,,3.153171,,A,Normal value,0,Units,,,,,1,One
DATAFLOW,OECD.SDD.TPS:DSD_G20_PRICES@DF_G20_PRICES(1.0),"G20 - Consumer price indices, all items",I,USA,United States,M,Monthly,N,National,CPI,Consumer price index,PA,Percent per annum,_T,Total,N,Neither seasonally adjusted nor calendar adjusted,GY,"Growth rate, over 1 year",2024-03,,3.477385,,A,Normal value,0,Units,,,,,1,One
DATAFLOW,OECD.SDD.TPS:DSD_G20_PRICES@DF_G20_PRICES(1.0),"G20 - Consumer price indices, all items",I,USA,United States,M,Monthly,N,National,CPI,Consumer price index,PA,Percent per annum,_T,Total,N,Neither seasonally adjusted nor calendar adjusted,GY,"Growth rate, over 1 year",2024-04,,3.357364,,A,Normal value,0,Units,,,,,1,One
DATAFLOW,OECD.SDD.TPS:DSD_G20_PRICES@DF_G20_PRICES(1.0),"G20 - Consumer price indices, all items",I,USA,United States,M,Monthly,N,National,CPI,Consumer price index,PA,Percent per annum,_T,Total,N,Neither seasonally adjusted nor calendar adjusted,GY,"Growth rate, over 1 year",2024-05,,3.269029,,A,Normal value,0,Units,,,,,1,One
DATAFLOW,OECD.SDD.TPS:DSD_G20_PRICES@DF_G20_PRICES(1.0),"G20 - Consumer price indices, all items",I,USA,United States,M,Monthly,N,National,CPI,Consumer price index,PA,Percent per annum,_T,Total,N,Neither seasonally adjusted nor calendar adjusted,GY,"Growth rate, over 1 year",2024-06,,2.971397,,A,Normal value,0,Units,,,,,1,One
DATAFLOW,OECD.SDD.TPS:DSD_G20_PRICES@DF_G20_PRICES(1.0),"G20 - Consumer price indices, all items",I,USA,United States,M,Monthly,N,National,CPI,Consumer price index,PA,Percent per annum,_T,Total,N,Neither seasonally adjusted nor calendar adjusted,GY,"Growth rate, over 1 year",2024-07,,2.894753,,A,Normal value,0,Units,,,,,1,One
DATAFLOW,OECD.SDD.TPS:DSD_G20_PRICES@DF_G20_PRICES(1.0),"G20 - Consumer price indices, all items",I,USA,United States,M,Monthly,N,National,CPI,Consumer price index,PA,Percent per annum,_T,Total,N,Neither seasonally adjusted nor calendar adjusted,GY,"Growth rate, over 1 year",2024-08,,2.53073,,A,Normal value,0,Units,,,,,1,One
DATAFLOW,OECD.SDD.TPS:DSD_G20_PRICES@DF_G20_PRICES(1.0),"G20 - Consumer price indices, all items",I,USA,United States,M,Monthly,N,National,CPI,Consumer price index,PA,Percent per annum,_T,Total,N,Neither seasonally adjusted nor calendar adjusted,GY,"Growth rate, over 1 year",2024-09,,2.440633,,A,Normal value,0,Units,,,,,1,One
DATAFLOW,OECD.SDD.TPS:DSD_G20_PRICES@DF_G20_PRICES(1.0),"G20 - Consumer price indices, all items",I,USA,United States,M,Monthly,N,National,CPI,Consumer price index,PA,Percent per annum,_T,Total,N,Neither seasonally adjusted nor calendar adjusted,GY,"Growth rate, over 1 year",2024-10,,2.597905,,A,Normal value,0,Units,,,,,1,One
DATAFLOW,OECD.SDD.TPS:DSD_G20_PRICES@DF_G20_PRICES(1.0),"G20 - Consumer price indices, all items",I,USA,United States,M,Monthly,N,National,CPI,Consumer price index,PA,Percent per annum,_T,Total,N,Neither seasonally adjusted nor calendar adjusted,GY,"Growth rate, over 1 year",2024-11,,2.74938,,A,Normal value,0,Units,,,,,1,One
DATAFLOW,OECD.SDD.TPS:DSD_G20_PRICES@DF_G20_PRICES(1.0),"G20 - Consumer price indices, all items",I,KOR,Korea,M,Monthly,N,National,CPI,Consumer price index,PA,Percent per annum,_T,Total,N,Neither seasonally adjusted nor calendar adjusted,GY,"Growth rate, over 1 year",2023-12,,3.175911,,A,Normal value,0,Units,,,,,1,One
DATAFLOW,OECD.SDD.TPS:DSD_G20_PRICES@DF_G20_PRICES(1.0),"G20 - Consumer price indices, all items",I,KOR,Korea,M,Monthly,N,National,CPI,Consumer price index,PA,Percent per annum,_T,Total,N,Neither seasonally adjusted nor calendar adjusted,GY,"Growth rate, over 1 year",2024-01,,2.81639,,A,Normal value,0,Units,,,,,1,One
DATAFLOW,OECD.SDD.TPS:DSD_G20_PRICES@DF_G20_PRICES(1.0),"G20 - Consumer price indices, all items",I,KOR,Korea,M,Monthly,N,National,CPI,Consumer price index,PA,Percent per annum,_T,Total,N,Neither seasonally adjusted nor calendar adjusted,GY,"Growth rate, over 1 year",2024-02,,3.126983,,A,Normal value,0,Units,,,,,1,One
DATAFLOW,OECD.SDD.TPS:DSD_G20_PRICES@DF_G20_PRICES(1.0),"G20 - Consumer price indices, all items",I,KOR,Korea,M,Monthly,N,National,CPI,Consumer price index,PA,Percent per annum,_T,Total,N,Neither seasonally adjusted nor calendar adjusted,GY,"Growth rate, over 1 year",2024-03,,3.103511,,A,Normal value,0,Units,,,,,1,One
DATAFLOW,OECD.SDD.TPS:DSD_G20_PRICES@DF_G20_PRICES(1.0),"G20 - Consumer price indices, all items",I,KOR,Korea,M,Monthly,N,National,CPI,Consumer price index,PA,Percent per annum,_T,Total,N,Neither seasonally adjusted nor calendar adjusted,GY,"Growth rate, over 1 year",2024-04,,2.92498,,A,Normal value,0,Units,,,,,1,One
DATAFLOW,OECD.SDD.TPS:DSD_G20_PRICES@DF_G20_PRICES(1.0),"G20 - Consumer price indices, all items",I,KOR,Korea,M,Monthly,N,National,CPI,Consumer price index,PA,Percent per annum,_T,Total,N,Neither seasonally adjusted nor calendar adjusted,GY,"Growth rate, over 1 year",2024-05,,2.672546,,A,Normal value,0,Units,,,,,1,One
DATAFLOW,OECD.SDD.TPS:DSD_G20_PRICES@DF_G20_PRICES(1.0),"G20 - Consumer price indices, all items",I,KOR,Korea,M,Monthly,N,National,CPI,Consumer price index,PA,Percent per annum,_T,Total,N,Neither seasonally adjusted nor calendar adjusted,GY,"Growth rate, over 1 year",2024-06,,2.410939,,A,Normal value,0,Units,,,,,1,One
DATAFLOW,OECD.SDD.TPS:DSD_G20_PRICES@DF_G20_PRICES(1.0),"G20 - Consumer price indices, all items",I,KOR,Korea,M,Monthly,N,National,CPI,Consumer price index,PA,Percent per annum,_T,Total,N,Neither seasonally adjusted nor calendar adjusted,GY,"Growth rate, over 1 year",2024-07,,2.551892,,A,Normal value,0,Units,,,,,1,One
DATAFLOW,OECD.SDD.TPS:DSD_G20_PRICES@DF_G20_PRICES(1.0),"G20 - Consumer price indices, all items",I,KOR,Korea,M,Monthly,N,National,CPI,Consumer price index,PA,Percent per annum,_T,Total,N,Neither seasonally adjusted nor calendar adjusted,GY,"Growth rate, over 1 year",2024-08,,2.012825,,A,Normal value,0,Units,,,,,1,One
DATAFLOW,OECD.SDD.TPS:DSD_G20_PRICES@DF_G20_PRICES(1.0),"G20 - Consumer price indices, all items",I,KOR,Korea,M,Monthly,N,National,CPI,Consumer price index,PA,Percent per annum,_T,Total,N,Neither seasonally adjusted nor calendar adjusted,GY,"Growth rate, over 1 year",2024-09,,1.595038,,A,Normal value,0,Units,,,,,1,One
DATAFLOW,OECD.SDD.TPS:DSD_G20_PRICES@DF_G20_PRICES(1.0),"G20 - Consumer price indices, all items",I,KOR,Korea,M,Monthly,N,National,CPI,Consumer price index,PA,Percent per annum,_T,Total,N,Neither seasonally adjusted nor calendar adjusted,GY,"Growth rate, over 1 year",2024-10,,1.253642,,A,Normal value,0,Units,,,,,1,One
DATAFLOW,OECD.SDD.TPS:DSD_G20_PRICES@DF_G20_PRICES(1.0),"G20 - Consumer price indices, all items",I,KOR,Korea,M,Monthly,N,National,CPI,Consumer price index,PA,Percent per annum,_T,Total,N,Neither seasonally adjusted nor calendar adjusted,GY,"Growth rate, over 1 year",2024-11,,1.526447,,A,Normal value,0,Units,,,,,1,One
DATAFLOW,OECD.SDD.TPS:DSD_G20_PRICES@DF_G20_PRICES(1.0),"G20 - Consumer price indices, all items",I,KOR,Korea,M,Monthly,N,National,CPI,Consumer price index,PA,Percent per annum,_T,Total,N,Neither seasonally adjusted nor calendar adjusted,GY,"Growth rate, over 1 year",2024-12,,1.933824,,A,Normal value,0,Units,,,,,1,One
